date,freight_rate,open,high,low,vol,change,freight_rate_outlier
2015-01-02,771.0,771.00,771.00,771.00,,-1.41%,False
2015-01-05,761.0,761.00,761.00,761.00,,-1.30%,False
2015-01-06,758.0,758.00,758.00,758.00,,-0.39%,False
2015-01-07,744.0,744.00,744.00,744.00,,-1.85%,False
2015-01-08,724.0,724.00,724.00,724.00,,-2.69%,False
2015-01-09,709.0,709.00,709.00,709.00,,-2.07%,False
2015-01-12,723.0,723.00,723.00,723.00,,1.97%,False
2015-01-13,762.0,762.00,762.00,762.00,,5.39%,False
2015-01-14,757.0,757.00,757.00,757.00,,-0.66%,False
2015-01-15,749.0,749.00,749.00,749.00,,-1.06%,False
2015-01-16,741.0,741.00,741.00,741.00,,-1.07%,False
2015-01-19,739.0,739.00,739.00,739.00,,-0.27%,False
2015-01-20,753.0,753.00,753.00,753.00,,1.89%,False
2015-01-21,770.0,770.00,770.00,770.00,,2.26%,False
2015-01-22,751.0,751.00,751.00,751.00,,-2.47%,False
2015-01-23,720.0,720.00,720.00,720.00,,-4.13%,False
2015-01-26,703.0,703.00,703.00,703.00,,-2.36%,False
2015-01-27,688.0,688.00,688.00,688.00,,-2.13%,False
2015-01-28,666.0,666.00,666.00,666.00,,-3.20%,False
2015-01-29,632.0,632.00,632.00,632.00,,-5.11%,False
2015-01-30,608.0,608.00,608.00,608.00,,-3.80%,False
2015-02-02,590.0,590.00,590.00,590.00,,-2.96%,False
2015-02-03,577.0,577.00,577.00,577.00,,-2.20%,False
2015-02-04,569.0,569.00,569.00,569.00,,-1.39%,False
2015-02-05,564.0,564.00,564.00,564.00,,-0.88%,False
2015-02-06,559.0,559.00,559.00,559.00,,-0.89%,False
2015-02-09,554.0,554.00,554.00,554.00,,-0.89%,False
2015-02-10,556.0,556.00,556.00,556.00,,0.36%,False
2015-02-11,553.0,553.00,553.00,553.00,,-0.54%,False
2015-02-12,540.0,540.00,540.00,540.00,,-2.35%,False
2015-02-13,530.0,530.00,530.00,530.00,,-1.85%,False
2015-02-16,522.0,522.00,522.00,522.00,,-1.51%,False
2015-02-17,516.0,516.00,516.00,516.00,,-1.15%,False
2015-02-18,509.0,509.00,509.00,509.00,,-1.36%,False
2015-02-23,512.0,512.00,512.00,512.00,,0.59%,False
2015-02-24,516.0,516.00,516.00,516.00,,0.78%,False
2015-02-25,524.0,524.00,524.00,524.00,,1.55%,False
2015-02-26,533.0,533.00,533.00,533.00,,1.72%,False
2015-02-27,540.0,540.00,540.00,540.00,,1.31%,False
2015-03-02,548.0,548.00,548.00,548.00,,1.48%,False
2015-03-03,553.0,553.00,553.00,553.00,,0.91%,False
2015-03-04,559.0,559.00,559.00,559.00,,1.08%,False
2015-03-05,561.0,561.00,561.00,561.00,,0.36%,False
2015-03-06,565.0,565.00,565.00,565.00,,0.71%,False
2015-03-09,568.0,568.00,568.00,568.00,,0.53%,False
2015-03-10,568.0,568.00,568.00,568.00,,0.00%,False
2015-03-11,565.0,565.00,565.00,565.00,,-0.53%,False
2015-03-12,560.0,560.00,560.00,560.00,,-0.88%,False
2015-03-13,562.0,562.00,562.00,562.00,,0.36%,False
2015-03-16,564.0,564.00,564.00,564.00,,0.36%,False
2015-03-17,568.0,568.00,568.00,568.00,,0.71%,False
2015-03-18,571.0,571.00,571.00,571.00,,0.53%,False
2015-03-19,584.0,584.00,584.00,584.00,,2.28%,False
2015-03-20,591.0,591.00,591.00,591.00,,1.20%,False
2015-03-23,594.0,594.00,594.00,594.00,,0.51%,False
2015-03-24,597.0,597.00,597.00,597.00,,0.51%,False
2015-03-25,598.0,598.00,598.00,598.00,,0.17%,False
2015-03-26,598.0,598.00,598.00,598.00,,0.00%,False
2015-03-27,596.0,596.00,596.00,596.00,,-0.33%,False
2015-03-30,599.0,599.00,599.00,599.00,,0.50%,False
2015-03-31,602.0,602.00,602.00,602.00,,0.50%,False
2015-04-01,596.0,596.00,596.00,596.00,,-1.00%,False
2015-04-02,588.0,588.00,588.00,588.00,,-1.34%,False
2015-04-07,583.0,583.00,583.00,583.00,,-0.85%,False
2015-04-08,580.0,580.00,580.00,580.00,,-0.51%,False
2015-04-09,580.0,580.00,580.00,580.00,,0.00%,False
2015-04-10,580.0,580.00,580.00,580.00,,0.00%,False
2015-04-13,578.0,578.00,578.00,578.00,,-0.34%,False
2015-04-14,581.0,581.00,581.00,581.00,,0.52%,False
2015-04-15,586.0,586.00,586.00,586.00,,0.86%,False
2015-04-16,593.0,593.00,593.00,593.00,,1.19%,False
2015-04-17,597.0,597.00,597.00,597.00,,0.67%,False
2015-04-20,598.0,598.00,598.00,598.00,,0.17%,False
2015-04-21,601.0,601.00,601.00,601.00,,0.50%,False
2015-04-22,600.0,600.00,600.00,600.00,,-0.17%,False
2015-04-23,599.0,599.00,599.00,599.00,,-0.17%,False
2015-04-24,600.0,600.00,600.00,600.00,,0.17%,False
2015-04-27,600.0,600.00,600.00,600.00,,0.00%,False
2015-04-28,601.0,601.00,601.00,601.00,,0.17%,False
2015-04-29,595.0,595.00,595.00,595.00,,-1.00%,False
2015-04-30,591.0,591.00,591.00,591.00,,-0.67%,False
2015-05-01,587.0,587.00,587.00,587.00,,-0.68%,False
2015-05-05,580.0,580.00,580.00,580.00,,-1.19%,False
2015-05-06,575.0,575.00,575.00,575.00,,-0.86%,False
2015-05-07,573.0,573.00,573.00,573.00,,-0.35%,False
2015-05-08,574.0,574.00,574.00,574.00,,0.17%,False
2015-05-11,578.0,578.00,578.00,578.00,,0.70%,False
2015-05-12,589.0,589.00,589.00,589.00,,1.90%,False
2015-05-13,634.0,634.00,634.00,634.00,,7.64%,True
2015-05-14,637.0,637.00,637.00,637.00,,0.47%,False
2015-05-15,634.0,634.00,634.00,634.00,,-0.47%,False
2015-05-18,630.0,630.00,630.00,630.00,,-0.63%,False
2015-05-19,620.0,620.00,620.00,620.00,,-1.59%,False
2015-05-20,606.0,606.00,606.00,606.00,,-2.26%,False
2015-05-21,592.0,592.00,592.00,592.00,,-2.31%,False
2015-05-22,586.0,592.00,592.00,586.00,,-1.01%,False
2015-05-26,584.0,584.00,584.00,584.00,,-0.34%,False
2015-05-27,587.0,587.00,587.00,587.00,,0.51%,False
2015-05-28,588.0,588.00,588.00,588.00,,0.17%,False
2015-05-29,589.0,589.00,589.00,589.00,,0.17%,False
2015-06-01,589.0,589.00,589.00,589.00,,0.00%,False
2015-06-02,591.0,591.00,591.00,591.00,,0.34%,False
2015-06-03,598.0,598.00,598.00,598.00,,1.18%,False
2015-06-04,603.0,603.00,603.00,603.00,,0.84%,False
2015-06-05,610.0,610.00,610.00,610.00,,1.16%,False
2015-06-08,610.0,610.00,610.00,610.00,,0.00%,False
2015-06-09,612.0,612.00,612.00,612.00,,0.33%,False
2015-06-10,618.0,618.00,618.00,618.00,,0.98%,False
2015-06-11,629.0,629.00,629.00,629.00,,1.78%,False
2015-06-12,642.0,642.00,642.00,642.00,,2.07%,False
2015-06-15,656.0,656.00,656.00,656.00,,2.18%,False
2015-06-16,681.0,681.00,681.00,681.00,,3.81%,False
2015-06-17,725.0,725.00,725.00,725.00,,6.46%,True
2015-06-18,773.0,773.00,773.00,773.00,,6.62%,True
2015-06-19,779.0,779.00,779.00,779.00,,0.78%,False
2015-06-22,779.0,779.00,779.00,779.00,,0.00%,False
2015-06-23,790.0,790.00,790.00,790.00,,1.41%,False
2015-06-24,829.0,829.00,829.00,829.00,,4.94%,False
2015-06-25,829.0,829.00,829.00,829.00,,0.00%,False
2015-06-26,823.0,823.00,823.00,823.00,,-0.72%,False
2015-06-29,813.0,813.00,813.00,813.00,,-1.22%,False
2015-06-30,800.0,800.00,800.00,800.00,,-1.60%,False
2015-07-01,794.0,794.00,794.00,794.00,,-0.75%,False
2015-07-02,794.0,794.00,794.00,794.00,,0.00%,False
2015-07-03,805.0,805.00,805.00,805.00,,1.39%,False
2015-07-06,815.0,815.00,815.00,815.00,,1.24%,False
2015-07-07,830.0,830.00,830.00,830.00,,1.84%,False
2015-07-08,840.0,840.00,840.00,840.00,,1.20%,False
2015-07-09,853.0,853.00,853.00,853.00,,1.55%,False
2015-07-10,874.0,874.00,874.00,874.00,,2.46%,False
2015-07-13,900.0,900.00,900.00,900.00,,2.97%,False
2015-07-14,915.0,915.00,915.00,915.00,,1.67%,False
2015-07-15,951.0,951.00,951.00,951.00,,3.93%,False
2015-07-16,1009.0,"1,009.00","1,009.00","1,009.00",,6.10%,False
2015-07-17,1048.0,"1,048.00","1,048.00","1,048.00",,3.87%,False
2015-07-20,1067.0,"1,067.00","1,067.00","1,067.00",,1.81%,False
2015-07-21,1113.0,"1,113.00","1,113.00","1,113.00",,4.31%,False
2015-07-22,1118.0,"1,118.00","1,118.00","1,118.00",,0.45%,False
2015-07-23,1102.0,"1,102.00","1,102.00","1,102.00",,-1.43%,False
2015-07-24,1086.0,"1,086.00","1,086.00","1,086.00",,-1.45%,False
2015-07-27,1090.0,"1,090.00","1,090.00","1,090.00",,0.37%,False
2015-07-28,1094.0,"1,094.00","1,094.00","1,094.00",,0.37%,False
2015-07-29,1104.0,"1,104.00","1,104.00","1,104.00",,0.91%,False
2015-07-30,1100.0,"1,100.00","1,100.00","1,100.00",,-0.36%,False
2015-07-31,1131.0,"1,131.00","1,131.00","1,131.00",,2.82%,False
2015-08-03,1151.0,"1,151.00","1,151.00","1,151.00",,1.77%,False
2015-08-04,1200.0,"1,200.00","1,200.00","1,200.00",,4.26%,False
2015-08-05,1222.0,"1,222.00","1,222.00","1,222.00",,1.83%,False
2015-08-06,1201.0,"1,201.00","1,201.00","1,201.00",,-1.72%,False
2015-08-07,1200.0,"1,200.00","1,200.00","1,200.00",,-0.08%,False
2015-08-10,1197.0,"1,197.00","1,197.00","1,197.00",,-0.25%,False
2015-08-11,1162.0,"1,162.00","1,162.00","1,162.00",,-2.92%,False
2015-08-12,1093.0,"1,093.00","1,093.00","1,093.00",,-5.94%,False
2015-08-13,1046.0,"1,046.00","1,046.00","1,046.00",,-4.30%,False
2015-08-14,1055.0,"1,055.00","1,055.00","1,055.00",,0.86%,False
2015-08-17,1063.0,"1,063.00","1,063.00","1,063.00",,0.76%,False
2015-08-18,1046.0,"1,046.00","1,046.00","1,046.00",,-1.60%,False
2015-08-19,1031.0,"1,031.00","1,031.00","1,031.00",,-1.43%,False
2015-08-20,1014.0,"1,014.00","1,014.00","1,014.00",,-1.65%,False
2015-08-21,994.0,994.00,994.00,994.00,,-1.97%,False
2015-08-24,968.0,968.00,968.00,968.00,,-2.62%,False
2015-08-25,942.0,942.00,942.00,942.00,,-2.69%,False
2015-08-26,918.0,918.00,918.00,918.00,,-2.55%,False
2015-08-27,905.0,905.00,905.00,905.00,,-1.42%,False
2015-08-28,903.0,903.00,903.00,903.00,,-0.22%,False
2015-09-01,911.0,911.00,911.00,911.00,,0.89%,False
2015-09-02,906.0,906.00,906.00,906.00,,-0.55%,False
2015-09-03,891.0,891.00,891.00,891.00,,-1.66%,False
2015-09-04,875.0,875.00,875.00,875.00,,-1.80%,False
2015-09-07,876.0,876.00,876.00,876.00,,0.11%,False
2015-09-08,873.0,873.00,873.00,873.00,,-0.34%,False
2015-09-09,855.0,855.00,855.00,855.00,,-2.06%,False
2015-09-10,830.0,830.00,830.00,830.00,,-2.92%,False
2015-09-11,818.0,818.00,818.00,818.00,,-1.45%,False
2015-09-14,805.0,805.00,805.00,805.00,,-1.59%,False
2015-09-15,802.0,802.00,802.00,802.00,,-0.37%,False
2015-09-16,814.0,818.00,818.00,814.00,,1.50%,False
2015-09-17,883.0,883.00,883.00,883.00,,8.48%,False
2015-09-18,960.0,960.00,960.00,960.00,,8.72%,False
2015-09-21,978.0,978.00,978.00,978.00,,1.88%,False
2015-09-22,923.0,923.00,923.00,923.00,,-5.62%,False
2015-09-23,917.0,917.00,917.00,917.00,,-0.65%,False
2015-09-24,922.0,922.00,922.00,922.00,,0.55%,False
2015-09-25,943.0,943.00,943.00,943.00,,2.28%,False
2015-09-28,943.0,943.00,943.00,943.00,,0.00%,False
2015-09-29,926.0,926.00,926.00,926.00,,-1.80%,False
2015-09-30,900.0,900.00,900.00,900.00,,-2.81%,False
2015-10-01,888.0,888.00,888.00,888.00,,-1.33%,False
2015-10-02,889.0,889.00,889.00,889.00,,0.11%,False
2015-10-05,881.0,881.00,881.00,881.00,,-0.90%,False
2015-10-06,869.0,869.00,869.00,869.00,,-1.36%,False
2015-10-07,841.0,841.00,841.00,841.00,,-3.22%,False
2015-10-08,817.0,817.00,817.00,817.00,,-2.85%,False
2015-10-09,809.0,809.00,809.00,809.00,,-0.98%,False
2015-10-12,809.0,809.00,809.00,809.00,,0.00%,False
2015-10-13,804.0,804.00,804.00,804.00,,-0.62%,False
2015-10-14,787.0,787.00,787.00,787.00,,-2.11%,False
2015-10-15,766.0,766.00,766.00,766.00,,-2.67%,False
2015-10-16,754.0,754.00,754.00,754.00,,-1.57%,False
2015-10-19,747.0,747.00,747.00,747.00,,-0.93%,False
2015-10-20,762.0,762.00,762.00,762.00,,2.01%,False
2015-10-21,780.0,780.00,780.00,780.00,,2.36%,False
2015-10-22,786.0,786.00,786.00,786.00,,0.77%,False
2015-10-23,774.0,774.00,774.00,774.00,,-1.53%,False
2015-10-26,759.0,759.00,759.00,759.00,,-1.94%,False
2015-10-27,739.0,739.00,739.00,739.00,,-2.64%,False
2015-10-28,736.0,736.00,736.00,736.00,,-0.41%,False
2015-10-29,728.0,728.00,728.00,728.00,,-1.09%,False
2015-10-30,721.0,721.00,721.00,721.00,,-0.96%,False
2015-11-02,706.0,706.00,706.00,706.00,,-2.08%,False
2015-11-03,680.0,680.00,680.00,680.00,,-3.68%,False
2015-11-04,657.0,680.00,680.00,657.00,,-3.38%,False
2015-11-05,640.0,640.00,640.00,640.00,,-2.59%,False
2015-11-06,631.0,631.00,631.00,631.00,,-1.41%,False
2015-11-09,628.0,628.00,628.00,628.00,,-0.48%,False
2015-11-10,622.0,622.00,622.00,622.00,,-0.96%,False
2015-11-11,599.0,599.00,599.00,599.00,,-3.70%,False
2015-11-12,579.0,579.00,579.00,579.00,,-3.34%,False
2015-11-13,560.0,560.00,560.00,560.00,,-3.28%,False
2015-11-16,550.0,550.00,550.00,550.00,,-1.79%,False
2015-11-17,537.0,537.00,537.00,537.00,,-2.36%,False
2015-11-18,519.0,519.00,519.00,519.00,,-3.35%,False
2015-11-19,504.0,504.00,504.00,504.00,,-2.89%,False
2015-11-20,498.0,498.00,498.00,498.00,,-1.19%,False
2015-11-23,516.0,516.00,516.00,516.00,,3.61%,False
2015-11-24,528.0,528.00,528.00,528.00,,2.33%,False
2015-11-25,546.0,546.00,546.00,546.00,,3.41%,False
2015-11-26,562.0,562.00,562.00,562.00,,2.93%,False
2015-11-27,581.0,581.00,581.00,581.00,,3.38%,False
2015-11-30,584.0,584.00,584.00,584.00,,0.52%,False
2015-12-01,598.0,598.00,598.00,598.00,,2.40%,False
2015-12-02,590.0,590.00,590.00,590.00,,-1.34%,False
2015-12-03,574.0,574.00,574.00,574.00,,-2.71%,False
2015-12-04,563.0,563.00,563.00,563.00,,-1.92%,False
2015-12-07,551.0,551.00,551.00,551.00,,-2.13%,False
2015-12-08,551.0,551.00,551.00,551.00,,0.00%,False
2015-12-09,546.0,546.00,546.00,546.00,,-0.91%,False
2015-12-10,534.0,534.00,534.00,534.00,,-2.20%,False
2015-12-11,522.0,522.00,522.00,522.00,,-2.25%,False
2015-12-14,508.0,508.00,508.00,508.00,,-2.68%,False
2015-12-15,484.0,484.00,484.00,484.00,,-4.72%,False
2015-12-16,471.0,471.00,471.00,471.00,,-2.69%,False
2015-12-17,471.0,471.00,471.00,471.00,,0.00%,False
2015-12-18,477.0,477.00,477.00,477.00,,1.27%,False
2015-12-21,478.0,478.00,478.00,478.00,,0.21%,False
2015-12-22,474.0,474.00,474.00,474.00,,-0.84%,False
2015-12-23,475.0,475.00,475.00,475.00,,0.21%,False
2015-12-24,478.0,478.00,478.00,478.00,,0.63%,False
2016-01-04,473.0,473.00,473.00,473.00,,-1.05%,False
2016-01-05,468.0,468.00,468.00,468.00,,-1.06%,False
2016-01-06,467.0,467.00,467.00,467.00,,-0.21%,False
2016-01-07,445.0,445.00,445.00,445.00,,-4.71%,False
2016-01-08,429.0,429.00,429.00,429.00,,-3.60%,False
2016-01-11,415.0,415.00,415.00,415.00,,-3.26%,False
2016-01-12,402.0,402.00,402.00,402.00,,-3.13%,False
2016-01-13,394.0,394.00,394.00,394.00,,-1.99%,False
2016-01-14,383.0,383.00,383.00,383.00,,-2.79%,False
2016-01-15,373.0,373.00,373.00,373.00,,-2.61%,False
2016-01-18,369.0,369.00,369.00,369.00,,-1.07%,False
2016-01-19,363.0,363.00,363.00,363.00,,-1.63%,False
2016-01-20,358.0,358.00,358.00,358.00,,-1.38%,False
2016-01-21,355.0,355.00,355.00,355.00,,-0.84%,False
2016-01-22,354.0,354.00,354.00,354.00,,-0.28%,False
2016-01-25,354.0,354.00,354.00,354.00,,0.00%,False
2016-01-26,345.0,345.00,345.00,345.00,,-2.54%,False
2016-01-27,337.0,337.00,337.00,337.00,,-2.32%,False
2016-01-28,325.0,325.00,325.00,325.00,,-3.56%,False
2016-01-29,317.0,317.00,317.00,317.00,,-2.46%,False
2016-02-01,314.0,314.00,314.00,314.00,,-0.95%,False
2016-02-02,310.0,310.00,310.00,310.00,,-1.27%,False
2016-02-03,303.0,303.00,303.00,303.00,,-2.26%,False
2016-02-04,298.0,298.00,298.00,298.00,,-1.65%,False
2016-02-05,297.0,297.00,297.00,297.00,,-0.34%,False
2016-02-08,293.0,293.00,293.00,293.00,,-1.35%,False
2016-02-09,291.0,291.00,291.00,291.00,,-0.68%,False
2016-02-10,290.0,290.00,290.00,290.00,,-0.34%,False
2016-02-11,290.0,290.00,290.00,290.00,,0.00%,False
2016-02-12,291.0,291.00,291.00,291.00,,0.34%,False
2016-02-15,295.0,295.00,295.00,295.00,,1.37%,False
2016-02-16,301.0,301.00,301.00,301.00,,2.03%,False
2016-02-17,307.0,307.00,307.00,307.00,,1.99%,False
2016-02-18,313.0,313.00,313.00,313.00,,1.95%,False
2016-02-19,315.0,315.00,315.00,315.00,,0.64%,False
2016-02-22,316.0,316.00,316.00,316.00,,0.32%,False
2016-02-23,318.0,318.00,318.00,318.00,,0.63%,False
2016-02-24,322.0,322.00,322.00,322.00,,1.26%,False
2016-02-25,325.0,325.00,325.00,325.00,,0.93%,False
2016-02-26,327.0,327.00,327.00,327.00,,0.62%,False
2016-02-29,329.0,329.00,329.00,329.00,,0.61%,False
2016-03-01,332.0,332.00,332.00,332.00,,0.91%,False
2016-03-02,335.0,335.00,335.00,335.00,,0.90%,False
2016-03-03,342.0,342.00,342.00,342.00,,2.09%,False
2016-03-04,349.0,349.00,349.00,349.00,,2.05%,False
2016-03-07,354.0,354.00,354.00,354.00,,1.43%,False
2016-03-08,366.0,366.00,366.00,366.00,,3.39%,False
2016-03-09,376.0,376.00,376.00,376.00,,2.73%,False
2016-03-10,384.0,384.00,384.00,384.00,,2.13%,False
2016-03-11,388.0,388.00,388.00,388.00,,1.04%,False
2016-03-14,393.0,393.00,393.00,393.00,,1.29%,False
2016-03-15,396.0,396.00,396.00,396.00,,0.76%,False
2016-03-16,393.0,393.00,393.00,393.00,,-0.76%,False
2016-03-17,392.0,392.00,392.00,392.00,,-0.25%,False
2016-03-18,395.0,395.00,395.00,395.00,,0.77%,False
2016-03-21,398.0,398.00,398.00,398.00,,0.76%,False
2016-03-22,398.0,398.00,398.00,398.00,,0.00%,False
2016-03-23,401.0,401.00,401.00,401.00,,0.75%,False
2016-03-24,406.0,406.00,406.00,406.00,,1.25%,False
2016-03-29,409.0,409.00,409.00,409.00,,0.74%,False
2016-03-30,414.0,414.00,414.00,414.00,,1.22%,False
2016-03-31,429.0,429.00,429.00,429.00,,3.62%,False
2016-04-01,450.0,450.00,450.00,450.00,,4.90%,False
2016-04-04,471.0,471.00,471.00,471.00,,4.67%,False
2016-04-05,487.0,487.00,487.00,487.00,,3.40%,False
2016-04-06,500.0,500.00,500.00,500.00,,2.67%,False
2016-04-07,517.0,517.00,517.00,517.00,,3.40%,False
2016-04-08,539.0,539.00,539.00,539.00,,4.26%,False
2016-04-11,555.0,555.00,555.00,555.00,,2.97%,False
2016-04-12,560.0,560.00,560.00,560.00,,0.90%,False
2016-04-13,567.0,567.00,567.00,567.00,,1.25%,False
2016-04-14,597.0,597.00,597.00,597.00,,5.29%,False
2016-04-15,635.0,635.00,635.00,635.00,,6.37%,False
2016-04-18,659.0,659.00,659.00,659.00,,3.78%,False
2016-04-19,671.0,671.00,671.00,671.00,,1.82%,False
2016-04-20,669.0,669.00,669.00,669.00,,-0.30%,False
2016-04-21,670.0,670.00,670.00,670.00,,0.15%,False
2016-04-22,688.0,688.00,688.00,688.00,,2.69%,False
2016-04-25,690.0,690.00,690.00,690.00,,0.29%,False
2016-04-26,704.0,704.00,704.00,704.00,,2.03%,False
2016-04-27,715.0,715.00,715.00,715.00,,1.56%,False
2016-04-28,710.0,710.00,710.00,710.00,,-0.70%,False
2016-04-29,703.0,703.00,703.00,703.00,,-0.99%,False
2016-05-03,682.0,682.00,682.00,682.00,,-2.99%,False
2016-05-04,652.0,652.00,652.00,652.00,,-4.40%,False
2016-05-05,642.0,642.00,642.00,642.00,,-1.53%,False
2016-05-06,631.0,631.00,631.00,631.00,,-1.71%,False
2016-05-09,616.0,616.00,616.00,616.00,,-2.38%,False
2016-05-10,594.0,594.00,594.00,594.00,,-3.57%,False
2016-05-11,579.0,579.00,579.00,579.00,,-2.53%,False
2016-05-12,579.0,579.00,579.00,579.00,,0.00%,False
2016-05-13,600.0,600.00,600.00,600.00,,3.63%,False
2016-05-16,613.0,613.00,613.00,613.00,,2.17%,False
2016-05-17,643.0,643.00,643.00,643.00,,4.89%,False
2016-05-18,642.0,642.00,642.00,642.00,,-0.16%,False
2016-05-19,634.0,634.00,634.00,634.00,,-1.25%,False
2016-05-20,625.0,625.00,625.00,625.00,,-1.42%,False
2016-05-23,624.0,624.00,624.00,624.00,,-0.16%,False
2016-05-24,618.0,618.00,618.00,618.00,,-0.96%,False
2016-05-25,605.0,605.00,605.00,605.00,,-2.10%,False
2016-05-26,601.0,601.00,601.00,601.00,,-0.66%,False
2016-05-27,606.0,606.00,606.00,606.00,,0.83%,False
2016-05-31,612.0,612.00,612.00,612.00,,0.99%,False
2016-06-01,612.0,612.00,612.00,612.00,,0.00%,False
2016-06-02,606.0,606.00,606.00,606.00,,-0.98%,False
2016-06-03,610.0,610.00,610.00,610.00,,0.66%,False
2016-06-06,607.0,607.00,607.00,607.00,,-0.49%,False
2016-06-07,606.0,606.00,606.00,606.00,,-0.16%,False
2016-06-08,610.0,610.00,610.00,610.00,,0.66%,False
2016-06-09,611.0,611.00,611.00,611.00,,0.16%,False
2016-06-10,610.0,610.00,610.00,610.00,,-0.16%,False
2016-06-13,609.0,609.00,609.00,609.00,,-0.16%,False
2016-06-14,608.0,608.00,608.00,608.00,,-0.16%,False
2016-06-15,604.0,604.00,604.00,604.00,,-0.66%,False
2016-06-16,598.0,598.00,598.00,598.00,,-0.99%,False
2016-06-17,587.0,587.00,587.00,587.00,,-1.84%,False
2016-06-20,582.0,582.00,582.00,582.00,,-0.85%,False
2016-06-21,580.0,580.00,580.00,580.00,,-0.34%,False
2016-06-22,585.0,585.00,585.00,585.00,,0.86%,False
2016-06-23,596.0,596.00,596.00,596.00,,1.88%,False
2016-06-24,609.0,609.00,609.00,609.00,,2.18%,False
2016-06-27,616.0,616.00,616.00,616.00,,1.15%,False
2016-06-28,627.0,627.00,627.00,627.00,,1.79%,False
2016-06-29,640.0,640.00,640.00,640.00,,2.07%,False
2016-06-30,660.0,660.00,660.00,660.00,,3.13%,False
2016-07-01,677.0,677.00,677.00,677.00,,2.58%,True
2016-07-04,688.0,688.00,688.00,688.00,,1.62%,True
2016-07-05,692.0,692.00,692.00,692.00,,0.58%,False
2016-07-06,694.0,694.00,694.00,694.00,,0.29%,False
2016-07-07,699.0,699.00,699.00,699.00,,0.72%,False
2016-07-08,703.0,703.00,703.00,703.00,,0.57%,False
2016-07-11,704.0,704.00,704.00,704.00,,0.14%,False
2016-07-12,711.0,711.00,711.00,711.00,,0.99%,False
2016-07-13,726.0,726.00,726.00,726.00,,2.11%,False
2016-07-14,738.0,738.00,738.00,738.00,,1.65%,False
2016-07-15,745.0,745.00,745.00,745.00,,0.95%,False
2016-07-18,748.0,748.00,748.00,748.00,,0.40%,False
2016-07-19,746.0,746.00,746.00,746.00,,-0.27%,False
2016-07-20,736.0,736.00,736.00,736.00,,-1.34%,False
2016-07-21,726.0,726.00,726.00,726.00,,-1.36%,False
2016-07-22,718.0,718.00,718.00,718.00,,-1.10%,False
2016-07-25,709.0,709.00,709.00,709.00,,-1.25%,False
2016-07-26,696.0,696.00,696.00,696.00,,-1.83%,False
2016-07-27,679.0,679.00,679.00,679.00,,-2.44%,False
2016-07-28,665.0,665.00,665.00,665.00,,-2.06%,False
2016-07-29,656.0,656.00,656.00,656.00,,-1.35%,False
2016-08-01,650.0,650.00,650.00,650.00,,-0.91%,False
2016-08-02,645.0,645.00,645.00,645.00,,-0.77%,False
2016-08-03,641.0,641.00,641.00,641.00,,-0.62%,False
2016-08-04,636.0,636.00,636.00,636.00,,-0.78%,False
2016-08-05,636.0,636.00,636.00,636.00,,0.00%,False
2016-08-08,636.0,636.00,636.00,636.00,,0.00%,False
2016-08-09,631.0,631.00,631.00,631.00,,-0.79%,False
2016-08-10,638.0,638.00,638.00,638.00,,1.11%,False
2016-08-11,653.0,653.00,653.00,653.00,,2.35%,False
2016-08-12,671.0,671.00,671.00,671.00,,2.76%,False
2016-08-15,681.0,681.00,681.00,681.00,,1.49%,False
2016-08-16,687.0,687.00,687.00,687.00,,0.88%,False
2016-08-17,685.0,685.00,685.00,685.00,,-0.29%,False
2016-08-18,682.0,682.00,682.00,682.00,,-0.44%,False
2016-08-19,683.0,683.00,683.00,683.00,,0.15%,False
2016-08-22,687.0,687.00,687.00,687.00,,0.59%,False
2016-08-23,692.0,692.00,692.00,692.00,,0.73%,False
2016-08-24,706.0,706.00,706.00,706.00,,2.02%,False
2016-08-25,718.0,718.00,718.00,718.00,,1.70%,False
2016-08-26,720.0,720.00,720.00,720.00,,0.28%,False
2016-08-30,715.0,715.00,715.00,715.00,,-0.69%,False
2016-08-31,711.0,711.00,711.00,711.00,,-0.56%,False
2016-09-01,712.0,712.00,712.00,712.00,,0.14%,False
2016-09-02,720.0,720.00,720.00,720.00,,1.12%,False
2016-09-05,724.0,724.00,724.00,724.00,,0.56%,False
2016-09-06,745.0,745.00,745.00,745.00,,2.90%,False
2016-09-07,773.0,773.00,773.00,773.00,,3.76%,False
2016-09-08,792.0,792.00,792.00,792.00,,2.46%,False
2016-09-09,804.0,804.00,804.00,804.00,,1.52%,False
2016-09-12,804.0,804.00,804.00,804.00,,0.00%,False
2016-09-13,796.0,796.00,796.00,796.00,,-1.00%,False
2016-09-14,756.0,756.00,756.00,756.00,,-5.03%,False
2016-09-15,764.0,764.00,764.00,764.00,,1.06%,False
2016-09-16,800.0,800.00,800.00,800.00,,4.71%,False
2016-09-19,836.0,836.00,836.00,836.00,,4.50%,False
2016-09-20,865.0,865.00,865.00,865.00,,3.47%,False
2016-09-21,903.0,903.00,903.00,903.00,,4.39%,False
2016-09-22,937.0,937.00,937.00,937.00,,3.77%,False
2016-09-23,941.0,941.00,941.00,941.00,,0.43%,False
2016-09-26,934.0,934.00,934.00,934.00,,-0.74%,False
2016-09-27,930.0,930.00,930.00,930.00,,-0.43%,False
2016-09-28,912.0,912.00,912.00,912.00,,-1.94%,False
2016-09-29,888.0,888.00,888.00,888.00,,-2.63%,False
2016-09-30,875.0,875.00,875.00,875.00,,-1.46%,False
2016-10-03,864.0,864.00,864.00,864.00,,-1.26%,False
2016-10-04,860.0,860.00,860.00,860.00,,-0.46%,False
2016-10-05,869.0,869.00,869.00,869.00,,1.05%,False
2016-10-06,915.0,915.00,915.00,915.00,,5.29%,False
2016-10-07,921.0,921.00,921.00,921.00,,0.66%,False
2016-10-10,922.0,922.00,922.00,922.00,,0.11%,False
2016-10-11,922.0,922.00,922.00,922.00,,0.00%,False
2016-10-12,906.0,906.00,906.00,906.00,,-1.74%,False
2016-10-13,885.0,885.00,885.00,885.00,,-2.32%,False
2016-10-14,892.0,892.00,892.00,892.00,,0.79%,False
2016-10-17,894.0,894.00,894.00,894.00,,0.22%,False
2016-10-18,890.0,890.00,890.00,890.00,,-0.45%,False
2016-10-19,872.0,872.00,872.00,872.00,,-2.02%,False
2016-10-20,849.0,849.00,849.00,849.00,,-2.64%,False
2016-10-21,842.0,842.00,842.00,842.00,,-0.82%,False
2016-10-24,831.0,831.00,831.00,831.00,,-1.31%,False
2016-10-25,813.0,813.00,813.00,813.00,,-2.17%,False
2016-10-26,802.0,802.00,802.00,802.00,,-1.35%,False
2016-10-27,798.0,798.00,798.00,798.00,,-0.50%,False
2016-10-28,834.0,834.00,834.00,834.00,,4.51%,False
2016-10-31,857.0,857.00,857.00,857.00,,2.76%,False
2016-11-01,838.0,838.00,838.00,838.00,,-2.22%,False
2016-11-02,834.0,834.00,834.00,834.00,,-0.48%,False
2016-11-03,849.0,849.00,849.00,849.00,,1.80%,False
2016-11-04,855.0,855.00,855.00,855.00,,0.71%,False
2016-11-07,870.0,870.00,870.00,870.00,,1.75%,False
2016-11-08,911.0,911.00,911.00,911.00,,4.71%,False
2016-11-09,954.0,954.00,954.00,954.00,,4.72%,False
2016-11-10,974.0,974.00,974.00,974.00,,2.10%,False
2016-11-11,1045.0,"1,045.00","1,045.00","1,045.00",,7.29%,True
2016-11-14,1065.0,"1,065.00","1,065.00","1,065.00",,1.91%,False
2016-11-15,1084.0,"1,084.00","1,084.00","1,084.00",,1.78%,False
2016-11-16,1145.0,"1,145.00","1,145.00","1,145.00",,5.63%,False
2016-11-17,1231.0,"1,231.00","1,231.00","1,231.00",,7.51%,True
2016-11-18,1257.0,"1,257.00","1,257.00","1,257.00",,2.11%,False
2016-11-21,1240.0,"1,240.00","1,240.00","1,240.00",,-1.35%,False
2016-11-22,1232.0,"1,232.00","1,232.00","1,232.00",,-0.65%,False
2016-11-23,1224.0,"1,224.00","1,224.00","1,224.00",,-0.65%,False
2016-11-24,1201.0,"1,201.00","1,201.00","1,201.00",,-1.88%,False
2016-11-25,1181.0,"1,181.00","1,181.00","1,181.00",,-1.67%,False
2016-11-28,1184.0,"1,184.00","1,184.00","1,184.00",,0.25%,False
2016-11-29,1202.0,"1,202.00","1,202.00","1,202.00",,1.52%,False
2016-11-30,1204.0,"1,204.00","1,204.00","1,204.00",,0.17%,False
2016-12-01,1196.0,"1,196.00","1,196.00","1,196.00",,-0.66%,False
2016-12-02,1198.0,"1,198.00","1,198.00","1,198.00",,0.17%,False
2016-12-05,1196.0,"1,196.00","1,196.00","1,196.00",,-0.17%,False
2016-12-06,1186.0,"1,186.00","1,186.00","1,186.00",,-0.84%,False
2016-12-07,1162.0,"1,162.00","1,162.00","1,162.00",,-2.02%,False
2016-12-08,1122.0,"1,122.00","1,122.00","1,122.00",,-3.44%,False
2016-12-09,1090.0,"1,090.00","1,090.00","1,090.00",,-2.85%,False
2016-12-12,1069.0,"1,069.00","1,069.00","1,069.00",,-1.93%,False
2016-12-13,1052.0,"1,052.00","1,052.00","1,052.00",,-1.59%,False
2016-12-14,1003.0,"1,003.00","1,003.00","1,003.00",,-4.66%,False
2016-12-15,966.0,966.00,966.00,966.00,,-3.69%,False
2016-12-16,946.0,946.00,946.00,946.00,,-2.07%,False
2016-12-19,927.0,926.00,927.00,926.00,,-2.01%,False
2016-12-20,914.0,914.00,914.00,914.00,,-1.40%,False
2016-12-21,926.0,926.00,926.00,926.00,,1.31%,False
2016-12-22,928.0,928.00,928.00,928.00,,0.22%,False
2016-12-23,961.0,961.00,961.00,961.00,,3.56%,False
2017-01-03,953.0,953.00,953.00,953.00,,-0.83%,False
2017-01-04,969.0,969.00,969.00,969.00,,1.68%,False
2017-01-05,983.0,983.00,983.00,983.00,,1.44%,False
2017-01-06,963.0,963.00,963.00,963.00,,-2.03%,False
2017-01-09,949.0,949.00,949.00,949.00,,-1.45%,False
2017-01-10,926.0,926.00,926.00,926.00,,-2.42%,False
2017-01-11,894.0,894.00,894.00,894.00,,-3.46%,False
2017-01-12,892.0,892.00,892.00,892.00,,-0.22%,False
2017-01-13,910.0,910.00,910.00,910.00,,2.02%,False
2017-01-16,925.0,925.00,925.00,925.00,,1.65%,False
2017-01-17,922.0,922.00,922.00,922.00,,-0.32%,False
2017-01-18,952.0,952.00,952.00,952.00,,3.25%,False
2017-01-19,942.0,942.00,942.00,942.00,,-1.05%,False
2017-01-20,925.0,925.00,925.00,925.00,,-1.80%,False
2017-01-23,914.0,914.00,914.00,914.00,,-1.19%,False
2017-01-24,886.0,886.00,886.00,886.00,,-3.06%,False
2017-01-25,862.0,862.00,862.00,862.00,,-2.71%,False
2017-01-26,840.0,840.00,840.00,840.00,,-2.55%,False
2017-01-27,827.0,827.00,827.00,827.00,,-1.55%,False
2017-01-30,816.0,816.00,816.00,816.00,,-1.33%,False
2017-01-31,800.0,800.00,800.00,800.00,,-1.96%,False
2017-02-01,786.0,786.00,786.00,786.00,,-1.75%,False
2017-02-02,770.0,770.00,770.00,770.00,,-2.04%,False
2017-02-03,752.0,752.00,752.00,752.00,,-2.34%,False
2017-02-06,735.0,735.00,735.00,735.00,,-2.26%,False
2017-02-07,714.0,714.00,714.00,714.00,,-2.86%,False
2017-02-08,702.0,702.00,702.00,702.00,,-1.68%,False
2017-02-09,707.0,707.00,707.00,707.00,,0.71%,False
2017-02-10,702.0,702.00,702.00,702.00,,-0.71%,False
2017-02-13,688.0,688.00,688.00,688.00,,-1.99%,False
2017-02-14,685.0,685.00,685.00,685.00,,-0.44%,False
2017-02-15,688.0,688.00,688.00,688.00,,0.44%,False
2017-02-16,710.0,710.00,710.00,710.00,,3.20%,False
2017-02-17,741.0,741.00,741.00,741.00,,4.37%,False
2017-02-20,757.0,757.00,757.00,757.00,,2.16%,False
2017-02-21,778.0,778.00,778.00,778.00,,2.77%,False
2017-02-22,806.0,806.00,806.00,806.00,,3.60%,False
2017-02-23,856.0,856.00,856.00,856.00,,6.20%,False
2017-02-24,875.0,875.00,875.00,875.00,,2.22%,False
2017-02-27,878.0,878.00,878.00,878.00,,0.34%,False
2017-02-28,859.0,859.00,859.00,859.00,,-2.16%,False
2017-03-01,871.0,871.00,871.00,871.00,,1.40%,False
2017-03-02,904.0,904.00,904.00,904.00,,3.79%,False
2017-03-03,939.0,939.00,939.00,939.00,,3.87%,False
2017-03-06,979.0,979.00,979.00,979.00,,4.26%,False
2017-03-07,1033.0,"1,033.00","1,033.00","1,033.00",,5.52%,False
2017-03-08,1045.0,"1,045.00","1,045.00","1,045.00",,1.16%,False
2017-03-09,1064.0,"1,064.00","1,064.00","1,064.00",,1.82%,False
2017-03-10,1086.0,"1,086.00","1,086.00","1,086.00",,2.07%,False
2017-03-13,1099.0,"1,099.00","1,099.00","1,099.00",,1.20%,False
2017-03-14,1112.0,"1,112.00","1,112.00","1,112.00",,1.18%,False
2017-03-15,1147.0,"1,147.00","1,147.00","1,147.00",,3.15%,False
2017-03-16,1172.0,"1,172.00","1,172.00","1,172.00",,2.18%,False
2017-03-17,1196.0,"1,196.00","1,196.00","1,196.00",,2.05%,False
2017-03-20,1205.0,"1,205.00","1,205.00","1,205.00",,0.75%,False
2017-03-21,1200.0,"1,200.00","1,200.00","1,200.00",,-0.41%,False
2017-03-22,1190.0,"1,190.00","1,190.00","1,190.00",,-0.83%,False
2017-03-23,1196.0,"1,196.00","1,196.00","1,196.00",,0.50%,False
2017-03-24,1240.0,"1,240.00","1,240.00","1,240.00",,3.68%,False
2017-03-27,1282.0,"1,282.00","1,282.00","1,282.00",,3.39%,False
2017-03-28,1333.0,"1,333.00","1,333.00","1,333.00",,3.98%,False
2017-03-29,1338.0,"1,338.00","1,338.00","1,338.00",,0.38%,False
2017-03-30,1324.0,"1,324.00","1,324.00","1,324.00",,-1.05%,False
2017-03-31,1297.0,"1,297.00","1,297.00","1,297.00",,-2.04%,False
2017-04-03,1282.0,"1,282.00","1,282.00","1,282.00",,-1.16%,False
2017-04-04,1255.0,"1,255.00","1,255.00","1,255.00",,-2.11%,False
2017-04-05,1223.0,"1,223.00","1,223.00","1,223.00",,-2.55%,False
2017-04-06,1215.0,"1,215.00","1,215.00","1,215.00",,-0.65%,False
2017-04-07,1223.0,"1,223.00","1,223.00","1,223.00",,0.66%,False
2017-04-10,1231.0,"1,231.00","1,231.00","1,231.00",,0.65%,False
2017-04-11,1262.0,"1,262.00","1,262.00","1,262.00",,2.52%,False
2017-04-12,1282.0,"1,282.00","1,282.00","1,282.00",,1.58%,False
2017-04-13,1296.0,"1,296.00","1,296.00","1,296.00",,1.09%,False
2017-04-18,1294.0,"1,294.00","1,294.00","1,294.00",,-0.15%,False
2017-04-19,1278.0,"1,278.00","1,278.00","1,278.00",,-1.24%,False
2017-04-20,1243.0,"1,243.00","1,243.00","1,243.00",,-2.74%,False
2017-04-21,1195.0,"1,195.00","1,195.00","1,195.00",,-3.86%,False
2017-04-24,1170.0,"1,170.00","1,170.00","1,170.00",,-2.09%,False
2017-04-25,1154.0,"1,154.00","1,154.00","1,154.00",,-1.37%,False
2017-04-26,1147.0,"1,147.00","1,147.00","1,147.00",,-0.61%,False
2017-04-27,1134.0,"1,134.00","1,134.00","1,134.00",,-1.13%,False
2017-04-28,1109.0,"1,109.00","1,109.00","1,109.00",,-2.20%,False
2017-05-02,1073.0,"1,073.00","1,073.00","1,073.00",,-3.25%,False
2017-05-03,1034.0,"1,034.00","1,034.00","1,034.00",,-3.63%,False
2017-05-04,1004.0,"1,004.00","1,004.00","1,004.00",,-2.90%,False
2017-05-05,994.0,994.00,994.00,994.00,,-1.00%,False
2017-05-08,1001.0,"1,001.00","1,001.00","1,001.00",,0.70%,False
2017-05-09,1007.0,"1,007.00","1,007.00","1,007.00",,0.60%,False
2017-05-10,1005.0,"1,005.00","1,005.00","1,005.00",,-0.20%,False
2017-05-11,1012.0,"1,012.00","1,012.00","1,012.00",,0.70%,False
2017-05-12,1014.0,"1,014.00","1,014.00","1,014.00",,0.20%,False
2017-05-15,994.0,994.00,994.00,994.00,,-1.97%,False
2017-05-16,980.0,980.00,980.00,980.00,,-1.41%,False
2017-05-17,960.0,960.00,960.00,960.00,,-2.04%,False
2017-05-18,957.0,957.00,957.00,957.00,,-0.31%,False
2017-05-19,956.0,956.00,956.00,956.00,,-0.10%,False
2017-05-22,954.0,954.00,954.00,954.00,,-0.21%,False
2017-05-23,949.0,949.00,949.00,949.00,,-0.52%,False
2017-05-24,934.0,934.00,934.00,934.00,,-1.58%,False
2017-05-25,918.0,918.00,918.00,918.00,,-1.71%,False
2017-05-26,912.0,912.00,912.00,912.00,,-0.65%,False
2017-05-30,900.0,900.00,900.00,900.00,,-1.32%,False
2017-05-31,878.0,878.00,878.00,878.00,,-2.44%,False
2017-06-01,850.0,850.00,850.00,850.00,,-3.19%,False
2017-06-02,830.0,830.00,830.00,830.00,,-2.35%,False
2017-06-05,821.0,821.00,821.00,821.00,,-1.08%,False
2017-06-06,818.0,818.00,818.00,818.00,,-0.37%,False
2017-06-07,821.0,821.00,821.00,821.00,,0.37%,False
2017-06-08,824.0,824.00,824.00,824.00,,0.37%,False
2017-06-09,849.0,849.00,849.00,849.00,,3.03%,False
2017-06-12,870.0,870.00,870.00,870.00,,2.47%,False
2017-06-13,870.0,870.00,870.00,870.00,,0.00%,False
2017-06-14,865.0,865.00,865.00,865.00,,-0.57%,False
2017-06-15,855.0,855.00,855.00,855.00,,-1.16%,False
2017-06-16,851.0,851.00,851.00,851.00,,-0.47%,False
2017-06-19,848.0,848.00,848.00,848.00,,-0.35%,False
2017-06-20,847.0,847.00,847.00,847.00,,-0.12%,False
2017-06-21,844.0,844.00,844.00,844.00,,-0.35%,False
2017-06-22,855.0,855.00,855.00,855.00,,1.30%,False
2017-06-23,870.0,870.00,870.00,870.00,,1.75%,False
2017-06-26,884.0,884.00,884.00,884.00,,1.61%,False
2017-06-27,903.0,903.00,903.00,903.00,,2.15%,False
2017-06-28,929.0,929.00,929.00,929.00,,2.88%,False
2017-06-29,920.0,920.00,920.00,920.00,,-0.97%,False
2017-06-30,901.0,901.00,901.00,901.00,,-2.07%,False
2017-07-03,882.0,882.00,882.00,882.00,,-2.11%,False
2017-07-04,871.0,871.00,871.00,871.00,,-1.25%,False
2017-07-05,847.0,847.00,847.00,847.00,,-2.76%,False
2017-07-06,829.0,829.00,829.00,829.00,,-2.13%,False
2017-07-07,822.0,822.00,822.00,822.00,,-0.84%,False
2017-07-10,820.0,820.00,820.00,820.00,,-0.24%,False
2017-07-11,830.0,830.00,830.00,830.00,,1.22%,False
2017-07-12,859.0,859.00,859.00,859.00,,3.49%,False
2017-07-13,888.0,888.00,888.00,888.00,,3.38%,False
2017-07-14,900.0,900.00,900.00,900.00,,1.35%,False
2017-07-17,912.0,912.00,912.00,912.00,,1.33%,False
2017-07-18,932.0,932.00,932.00,932.00,,2.19%,False
2017-07-19,948.0,948.00,948.00,948.00,,1.72%,False
2017-07-20,964.0,964.00,964.00,964.00,,1.69%,False
2017-07-21,977.0,977.00,977.00,977.00,,1.35%,False
2017-07-24,977.0,977.00,977.00,977.00,,0.00%,False
2017-07-25,980.0,980.00,980.00,980.00,,0.31%,False
2017-07-26,968.0,968.00,968.00,968.00,,-1.22%,False
2017-07-27,942.0,942.00,942.00,942.00,,-2.69%,False
2017-07-28,933.0,933.00,933.00,933.00,,-0.96%,False
2017-07-31,946.0,946.00,946.00,946.00,,1.39%,False
2017-08-01,965.0,965.00,965.00,965.00,,2.01%,False
2017-08-02,993.0,993.00,993.00,993.00,,2.90%,False
2017-08-03,1023.0,"1,023.00","1,023.00","1,023.00",,3.02%,False
2017-08-04,1032.0,"1,032.00","1,032.00","1,032.00",,0.88%,False
2017-08-07,1036.0,"1,036.00","1,036.00","1,036.00",,0.39%,False
2017-08-08,1038.0,"1,038.00","1,038.00","1,038.00",,0.19%,False
2017-08-09,1050.0,"1,050.00","1,050.00","1,050.00",,1.16%,False
2017-08-10,1092.0,"1,092.00","1,092.00","1,092.00",,4.00%,False
2017-08-11,1138.0,"1,138.00","1,138.00","1,138.00",,4.21%,False
2017-08-14,1155.0,"1,155.00","1,155.00","1,155.00",,1.49%,False
2017-08-15,1169.0,"1,169.00","1,169.00","1,169.00",,1.21%,False
2017-08-16,1207.0,"1,207.00","1,207.00","1,207.00",,3.25%,False
2017-08-17,1247.0,"1,247.00","1,247.00","1,247.00",,3.31%,False
2017-08-18,1260.0,"1,260.00","1,260.00","1,260.00",,1.04%,False
2017-08-21,1266.0,"1,266.00","1,266.00","1,266.00",,0.48%,False
2017-08-22,1249.0,"1,249.00","1,249.00","1,249.00",,-1.34%,False
2017-08-23,1222.0,"1,222.00","1,222.00","1,222.00",,-2.16%,False
2017-08-24,1200.0,"1,200.00","1,200.00","1,200.00",,-1.80%,False
2017-08-25,1209.0,"1,209.00","1,209.00","1,209.00",,0.75%,False
2017-08-29,1203.0,"1,203.00","1,203.00","1,203.00",,-0.50%,False
2017-08-30,1181.0,"1,181.00","1,181.00","1,181.00",,-1.83%,False
2017-08-31,1184.0,"1,184.00","1,184.00","1,184.00",,0.25%,False
2017-09-01,1183.0,"1,183.00","1,183.00","1,183.00",,-0.08%,False
2017-09-04,1187.0,"1,187.00","1,187.00","1,187.00",,0.34%,False
2017-09-05,1215.0,"1,215.00","1,215.00","1,215.00",,2.36%,False
2017-09-06,1250.0,"1,250.00","1,250.00","1,250.00",,2.88%,False
2017-09-07,1296.0,"1,296.00","1,296.00","1,296.00",,3.68%,False
2017-09-08,1332.0,"1,332.00","1,332.00","1,332.00",,2.78%,False
2017-09-11,1355.0,"1,355.00","1,355.00","1,355.00",,1.73%,False
2017-09-12,1344.0,"1,344.00","1,344.00","1,344.00",,-0.81%,False
2017-09-13,1337.0,"1,337.00","1,337.00","1,337.00",,-0.52%,False
2017-09-14,1361.0,"1,361.00","1,361.00","1,361.00",,1.80%,False
2017-09-15,1385.0,"1,385.00","1,385.00","1,385.00",,1.76%,False
2017-09-18,1398.0,"1,398.00","1,398.00","1,398.00",,0.94%,False
2017-09-19,1415.0,"1,415.00","1,415.00","1,415.00",,1.22%,False
2017-09-20,1449.0,"1,449.00","1,449.00","1,449.00",,2.40%,False
2017-09-21,1470.0,"1,470.00","1,470.00","1,470.00",,1.45%,False
2017-09-22,1502.0,"1,502.00","1,502.00","1,502.00",,2.18%,False
2017-09-25,1503.0,"1,503.00","1,503.00","1,503.00",,0.07%,False
2017-09-26,1476.0,"1,476.00","1,476.00","1,476.00",,-1.80%,False
2017-09-27,1429.0,"1,429.00","1,429.00","1,429.00",,-3.18%,False
2017-09-28,1391.0,"1,391.00","1,391.00","1,391.00",,-2.66%,False
2017-09-29,1356.0,"1,356.00","1,356.00","1,356.00",,-2.52%,False
2017-10-02,1328.0,"1,328.00","1,328.00","1,328.00",,-2.06%,False
2017-10-03,1308.0,"1,308.00","1,308.00","1,308.00",,-1.51%,False
2017-10-04,1320.0,"1,320.00","1,320.00","1,320.00",,0.92%,False
2017-10-05,1382.0,"1,382.00","1,382.00","1,382.00",,4.70%,False
2017-10-06,1405.0,"1,405.00","1,405.00","1,405.00",,1.66%,False
2017-10-09,1411.0,"1,411.00","1,411.00","1,411.00",,0.43%,False
2017-10-10,1418.0,"1,418.00","1,418.00","1,418.00",,0.50%,False
2017-10-11,1433.0,"1,433.00","1,433.00","1,433.00",,1.06%,False
2017-10-12,1458.0,"1,458.00","1,458.00","1,458.00",,1.74%,False
2017-10-13,1485.0,"1,485.00","1,485.00","1,485.00",,1.85%,False
2017-10-16,1523.0,"1,523.00","1,523.00","1,523.00",,2.56%,False
2017-10-17,1552.0,"1,552.00","1,552.00","1,552.00",,1.90%,False
2017-10-18,1566.0,"1,566.00","1,566.00","1,566.00",,0.90%,False
2017-10-19,1582.0,"1,582.00","1,582.00","1,582.00",,1.02%,False
2017-10-20,1578.0,"1,578.00","1,578.00","1,578.00",,-0.25%,False
2017-10-23,1586.0,"1,586.00","1,586.00","1,586.00",,0.51%,False
2017-10-24,1588.0,"1,588.00","1,588.00","1,588.00",,0.13%,False
2017-10-25,1573.0,"1,573.00","1,573.00","1,573.00",,-0.94%,False
2017-10-26,1555.0,"1,555.00","1,555.00","1,555.00",,-1.14%,False
2017-10-27,1546.0,"1,546.00","1,546.00","1,546.00",,-0.58%,False
2017-10-30,1534.0,"1,534.00","1,534.00","1,534.00",,-0.78%,False
2017-10-31,1522.0,"1,522.00","1,522.00","1,522.00",,-0.78%,False
2017-11-01,1496.0,"1,496.00","1,496.00","1,496.00",,-1.71%,False
2017-11-02,1482.0,"1,482.00","1,482.00","1,482.00",,-0.94%,False
2017-11-03,1476.0,"1,476.00","1,476.00","1,476.00",,-0.40%,False
2017-11-06,1473.0,"1,473.00","1,473.00","1,473.00",,-0.20%,False
2017-11-07,1477.0,"1,477.00","1,477.00","1,477.00",,0.27%,False
2017-11-08,1486.0,"1,486.00","1,486.00","1,486.00",,0.61%,False
2017-11-09,1481.0,"1,481.00","1,481.00","1,481.00",,-0.34%,False
2017-11-10,1464.0,"1,464.00","1,464.00","1,464.00",,-1.15%,False
2017-11-13,1445.0,"1,445.00","1,445.00","1,445.00",,-1.30%,False
2017-11-14,1405.0,"1,405.00","1,405.00","1,405.00",,-2.77%,False
2017-11-15,1374.0,"1,374.00","1,374.00","1,374.00",,-2.21%,False
2017-11-16,1361.0,"1,361.00","1,361.00","1,361.00",,-0.95%,False
2017-11-17,1371.0,"1,371.00","1,371.00","1,371.00",,0.73%,False
2017-11-20,1385.0,"1,385.00","1,385.00","1,385.00",,1.02%,False
2017-11-21,1396.0,"1,396.00","1,396.00","1,396.00",,0.79%,False
2017-11-22,1413.0,"1,413.00","1,413.00","1,413.00",,1.22%,False
2017-11-23,1445.0,"1,445.00","1,445.00","1,445.00",,2.26%,False
2017-11-24,1458.0,"1,458.00","1,458.00","1,458.00",,0.90%,False
2017-11-27,1477.0,"1,477.00","1,477.00","1,477.00",,1.30%,False
2017-11-28,1506.0,"1,506.00","1,506.00","1,506.00",,1.96%,False
2017-11-29,1536.0,"1,536.00","1,536.00","1,536.00",,1.99%,False
2017-11-30,1578.0,"1,578.00","1,578.00","1,578.00",,2.73%,False
2017-12-01,1626.0,"1,626.00","1,626.00","1,626.00",,3.04%,False
2017-12-04,1662.0,"1,662.00","1,662.00","1,662.00",,2.21%,False
2017-12-05,1666.0,"1,666.00","1,666.00","1,666.00",,0.24%,False
2017-12-06,1670.0,"1,670.00","1,670.00","1,670.00",,0.24%,False
2017-12-07,1679.0,"1,679.00","1,679.00","1,679.00",,0.54%,False
2017-12-08,1702.0,"1,702.00","1,702.00","1,702.00",,1.37%,False
2017-12-11,1727.0,"1,727.00","1,727.00","1,727.00",,1.47%,False
2017-12-12,1743.0,"1,743.00","1,743.00","1,743.00",,0.93%,False
2017-12-13,1730.0,"1,730.00","1,730.00","1,730.00",,-0.75%,False
2017-12-14,1668.0,"1,668.00","1,668.00","1,668.00",,-3.58%,False
2017-12-15,1619.0,"1,619.00","1,619.00","1,619.00",,-2.94%,False
2017-12-18,1588.0,"1,588.00","1,588.00","1,588.00",,-1.91%,False
2017-12-19,1547.0,"1,547.00","1,547.00","1,547.00",,-2.58%,False
2017-12-20,1476.0,"1,476.00","1,476.00","1,476.00",,-4.59%,False
2017-12-21,1430.0,"1,430.00","1,430.00","1,430.00",,-3.12%,False
2017-12-22,1366.0,"1,366.00","1,366.00","1,366.00",,-4.48%,False
2018-01-02,1230.0,"1,230.00","1,230.00","1,230.00",,-9.96%,False
2018-01-03,1262.0,"1,262.00","1,262.00","1,262.00",,2.60%,False
2018-01-04,1341.0,"1,341.00","1,341.00","1,341.00",,6.26%,False
2018-01-05,1371.0,"1,371.00","1,371.00","1,371.00",,2.24%,False
2018-01-08,1385.0,"1,385.00","1,385.00","1,385.00",,1.02%,False
2018-01-09,1395.0,"1,395.00","1,395.00","1,395.00",,0.72%,False
2018-01-10,1366.0,"1,366.00","1,366.00","1,366.00",,-2.08%,False
2018-01-11,1303.0,"1,303.00","1,303.00","1,303.00",,-4.61%,False
2018-01-12,1279.0,"1,279.00","1,279.00","1,279.00",,-1.84%,False
2018-01-15,1264.0,"1,264.00","1,264.00","1,264.00",,-1.17%,False
2018-01-16,1221.0,"1,221.00","1,221.00","1,221.00",,-3.40%,False
2018-01-17,1164.0,"1,164.00","1,164.00","1,164.00",,-4.67%,False
2018-01-18,1139.0,"1,139.00","1,139.00","1,139.00",,-2.15%,False
2018-01-19,1125.0,"1,125.00","1,125.00","1,125.00",,-1.23%,False
2018-01-22,1129.0,"1,129.00","1,129.00","1,129.00",,0.36%,False
2018-01-23,1157.0,"1,157.00","1,157.00","1,157.00",,2.48%,False
2018-01-24,1200.0,"1,200.00","1,200.00","1,200.00",,3.72%,False
2018-01-25,1217.0,"1,217.00","1,217.00","1,217.00",,1.42%,False
2018-01-26,1219.0,"1,219.00","1,219.00","1,219.00",,0.16%,False
2018-01-29,1214.0,"1,214.00","1,214.00","1,214.00",,-0.41%,False
2018-01-30,1191.0,"1,191.00","1,191.00","1,191.00",,-1.89%,False
2018-01-31,1152.0,"1,152.00","1,152.00","1,152.00",,-3.27%,False
2018-02-01,1114.0,"1,114.00","1,114.00","1,114.00",,-3.30%,False
2018-02-02,1095.0,"1,095.00","1,095.00","1,095.00",,-1.71%,False
2018-02-05,1082.0,"1,082.00","1,082.00","1,082.00",,-1.19%,False
2018-02-06,1095.0,"1,095.00","1,095.00","1,095.00",,1.20%,False
2018-02-07,1097.0,"1,097.00","1,097.00","1,097.00",,0.18%,False
2018-02-08,1106.0,"1,106.00","1,106.00","1,106.00",,0.82%,False
2018-02-09,1125.0,"1,125.00","1,125.00","1,125.00",,1.72%,False
2018-02-12,1123.0,"1,123.00","1,123.00","1,123.00",,-0.18%,False
2018-02-13,1114.0,"1,114.00","1,114.00","1,114.00",,-0.80%,False
2018-02-14,1095.0,"1,095.00","1,095.00","1,095.00",,-1.71%,False
2018-02-15,1089.0,"1,089.00","1,089.00","1,089.00",,-0.55%,False
2018-02-16,1084.0,"1,084.00","1,084.00","1,084.00",,-0.46%,False
2018-02-19,1087.0,"1,087.00","1,087.00","1,087.00",,0.28%,False
2018-02-20,1117.0,"1,117.00","1,117.00","1,117.00",,2.76%,False
2018-02-21,1146.0,"1,146.00","1,146.00","1,146.00",,2.60%,False
2018-02-22,1167.0,"1,167.00","1,167.00","1,167.00",,1.83%,False
2018-02-23,1185.0,"1,185.00","1,185.00","1,185.00",,1.54%,False
2018-02-26,1191.0,"1,191.00","1,191.00","1,191.00",,0.51%,False
2018-02-27,1188.0,"1,188.00","1,188.00","1,188.00",,-0.25%,False
2018-02-28,1192.0,"1,192.00","1,192.00","1,192.00",,0.34%,False
2018-03-01,1196.0,"1,196.00","1,196.00","1,196.00",,0.34%,False
2018-03-02,1207.0,"1,207.00","1,207.00","1,207.00",,0.92%,False
2018-03-05,1210.0,"1,210.00","1,210.00","1,210.00",,0.25%,False
2018-03-06,1212.0,"1,212.00","1,212.00","1,212.00",,0.17%,False
2018-03-07,1191.0,"1,191.00","1,191.00","1,191.00",,-1.73%,False
2018-03-08,1197.0,"1,197.00","1,197.00","1,197.00",,0.50%,False
2018-03-09,1201.0,"1,201.00","1,201.00","1,201.00",,0.33%,False
2018-03-12,1192.0,"1,192.00","1,192.00","1,192.00",,-0.75%,False
2018-03-13,1179.0,"1,179.00","1,179.00","1,179.00",,-1.09%,False
2018-03-14,1169.0,"1,169.00","1,169.00","1,169.00",,-0.85%,False
2018-03-15,1150.0,"1,150.00","1,150.00","1,150.00",,-1.63%,False
2018-03-16,1143.0,"1,143.00","1,143.00","1,143.00",,-0.61%,False
2018-03-19,1136.0,"1,136.00","1,136.00","1,136.00",,-0.61%,False
2018-03-20,1122.0,"1,122.00","1,122.00","1,122.00",,-1.23%,False
2018-03-21,1117.0,"1,117.00","1,117.00","1,117.00",,-0.45%,False
2018-03-22,1117.0,"1,117.00","1,117.00","1,117.00",,0.00%,False
2018-03-23,1122.0,"1,122.00","1,122.00","1,122.00",,0.45%,False
2018-03-26,1126.0,"1,126.00","1,126.00","1,126.00",,0.36%,False
2018-03-27,1117.0,"1,117.00","1,117.00","1,117.00",,-0.80%,False
2018-03-28,1080.0,"1,080.00","1,080.00","1,080.00",,-3.31%,False
2018-03-29,1055.0,"1,055.00","1,055.00","1,055.00",,-2.31%,False
2018-04-03,1016.0,"1,016.00","1,016.00","1,016.00",,-3.70%,False
2018-04-04,977.0,977.00,977.00,977.00,,-3.84%,False
2018-04-05,953.0,953.00,953.00,953.00,,-2.46%,False
2018-04-06,948.0,948.00,948.00,948.00,,-0.52%,False
2018-04-09,952.0,952.00,952.00,952.00,,0.42%,False
2018-04-10,974.0,974.00,974.00,974.00,,2.31%,False
2018-04-11,979.0,979.00,979.00,979.00,,0.51%,False
2018-04-12,993.0,993.00,993.00,993.00,,1.43%,False
2018-04-13,1014.0,"1,014.00","1,014.00","1,014.00",,2.11%,False
2018-04-16,1025.0,"1,025.00","1,025.00","1,025.00",,1.08%,False
2018-04-17,1052.0,"1,052.00","1,052.00","1,052.00",,2.63%,False
2018-04-18,1124.0,"1,124.00","1,124.00","1,124.00",,6.84%,False
2018-04-19,1201.0,"1,201.00","1,201.00","1,201.00",,6.85%,False
2018-04-20,1281.0,"1,281.00","1,281.00","1,281.00",,6.66%,False
2018-04-23,1306.0,"1,306.00","1,306.00","1,306.00",,1.95%,False
2018-04-24,1330.0,"1,330.00","1,330.00","1,330.00",,1.84%,False
2018-04-25,1376.0,"1,376.00","1,376.00","1,376.00",,3.46%,False
2018-04-26,1375.0,"1,375.00","1,375.00","1,375.00",,-0.07%,False
2018-04-27,1361.0,"1,361.00","1,361.00","1,361.00",,-1.02%,False
2018-04-30,1341.0,"1,341.00","1,341.00","1,341.00",,-1.47%,False
2018-05-01,1327.0,"1,327.00","1,327.00","1,327.00",,-1.04%,False
2018-05-02,1346.0,"1,346.00","1,346.00","1,346.00",,1.43%,False
2018-05-03,1376.0,"1,376.00","1,376.00","1,376.00",,2.23%,False
2018-05-04,1384.0,"1,384.00","1,384.00","1,384.00",,0.58%,False
2018-05-08,1432.0,"1,432.00","1,432.00","1,432.00",,3.47%,False
2018-05-09,1465.0,"1,465.00","1,465.00","1,465.00",,2.30%,False
2018-05-10,1453.0,"1,453.00","1,453.00","1,453.00",,-0.82%,False
2018-05-11,1472.0,"1,472.00","1,472.00","1,472.00",,1.31%,False
2018-05-14,1476.0,"1,476.00","1,476.00","1,476.00",,0.27%,False
2018-05-15,1468.0,"1,468.00","1,468.00","1,468.00",,-0.54%,False
2018-05-16,1403.0,"1,403.00","1,403.00","1,403.00",,-4.43%,False
2018-05-17,1305.0,"1,305.00","1,305.00","1,305.00",,-6.99%,False
2018-05-18,1273.0,"1,273.00","1,273.00","1,273.00",,-2.45%,False
2018-05-21,1239.0,"1,239.00","1,239.00","1,239.00",,-2.67%,False
2018-05-22,1199.0,"1,199.00","1,199.00","1,199.00",,-3.23%,False
2018-05-23,1162.0,"1,162.00","1,162.00","1,162.00",,-3.09%,False
2018-05-24,1109.0,"1,109.00","1,109.00","1,109.00",,-4.56%,False
2018-05-25,1077.0,"1,077.00","1,077.00","1,077.00",,-2.89%,False
2018-05-29,1057.0,"1,057.00","1,057.00","1,057.00",,-1.86%,False
2018-05-30,1042.0,"1,042.00","1,042.00","1,042.00",,-1.42%,False
2018-05-31,1090.0,"1,090.00","1,090.00","1,090.00",,4.61%,False
2018-06-01,1156.0,"1,156.00","1,156.00","1,156.00",,6.06%,False
2018-06-04,1193.0,"1,193.00","1,193.00","1,193.00",,3.20%,False
2018-06-05,1249.0,"1,249.00","1,249.00","1,249.00",,4.69%,False
2018-06-06,1340.0,"1,340.00","1,340.00","1,340.00",,7.29%,False
2018-06-07,1395.0,"1,395.00","1,395.00","1,395.00",,4.10%,False
2018-06-08,1391.0,"1,391.00","1,391.00","1,391.00",,-0.29%,False
2018-06-11,1387.0,"1,387.00","1,387.00","1,387.00",,-0.29%,False
2018-06-12,1390.0,"1,390.00","1,390.00","1,390.00",,0.22%,False
2018-06-13,1404.0,"1,404.00","1,404.00","1,404.00",,1.01%,False
2018-06-14,1433.0,"1,433.00","1,433.00","1,433.00",,2.07%,False
2018-06-15,1445.0,"1,445.00","1,445.00","1,445.00",,0.84%,False
2018-06-18,1442.0,"1,442.00","1,442.00","1,442.00",,-0.21%,False
2018-06-19,1419.0,"1,419.00","1,419.00","1,419.00",,-1.60%,False
2018-06-20,1373.0,"1,373.00","1,373.00","1,373.00",,-3.24%,False
2018-06-21,1347.0,"1,347.00","1,347.00","1,347.00",,-1.89%,False
2018-06-22,1341.0,"1,341.00","1,341.00","1,341.00",,-0.45%,False
2018-06-25,1333.0,"1,333.00","1,333.00","1,333.00",,-0.60%,False
2018-06-26,1323.0,"1,323.00","1,323.00","1,323.00",,-0.75%,False
2018-06-27,1309.0,"1,309.00","1,309.00","1,309.00",,-1.06%,False
2018-06-28,1329.0,"1,329.00","1,329.00","1,329.00",,1.53%,False
2018-06-29,1385.0,"1,385.00","1,385.00","1,385.00",,4.21%,False
2018-07-02,1422.0,"1,422.00","1,422.00","1,422.00",,2.67%,False
2018-07-03,1476.0,"1,476.00","1,476.00","1,476.00",,3.80%,False
2018-07-04,1567.0,"1,567.00","1,567.00","1,567.00",,6.17%,False
2018-07-05,1612.0,"1,612.00","1,612.00","1,612.00",,2.87%,False
2018-07-06,1622.0,"1,622.00","1,622.00","1,622.00",,0.62%,False
2018-07-09,1609.0,"1,609.00","1,609.00","1,609.00",,-0.80%,False
2018-07-10,1555.0,"1,555.00","1,555.00","1,555.00",,-3.36%,False
2018-07-11,1586.0,"1,586.00","1,586.00","1,586.00",,1.99%,False
2018-07-12,1632.0,"1,632.00","1,632.00","1,632.00",,2.90%,False
2018-07-13,1666.0,"1,666.00","1,666.00","1,666.00",,2.08%,False
2018-07-16,1695.0,"1,695.00","1,695.00","1,695.00",,1.74%,False
2018-07-17,1721.0,"1,721.00","1,721.00","1,721.00",,1.53%,False
2018-07-18,1688.0,"1,688.00","1,688.00","1,688.00",,-1.92%,False
2018-07-19,1657.0,"1,657.00","1,657.00","1,657.00",,-1.84%,False
2018-07-20,1689.0,"1,689.00","1,689.00","1,689.00",,1.93%,False
2018-07-23,1718.0,"1,718.00","1,718.00","1,718.00",,1.72%,False
2018-07-24,1774.0,"1,774.00","1,774.00","1,774.00",,3.26%,False
2018-07-25,1772.0,"1,772.00","1,772.00","1,772.00",,-0.11%,False
2018-07-26,1708.0,"1,708.00","1,708.00","1,708.00",,-3.61%,False
2018-07-27,1676.0,"1,676.00","1,676.00","1,676.00",,-1.87%,False
2018-07-30,1703.0,"1,703.00","1,703.00","1,703.00",,1.61%,False
2018-07-31,1747.0,"1,747.00","1,747.00","1,747.00",,2.58%,False
2018-08-01,1760.0,"1,760.00","1,760.00","1,760.00",,0.74%,False
2018-08-02,1756.0,"1,756.00","1,756.00","1,756.00",,-0.23%,False
2018-08-03,1773.0,"1,773.00","1,773.00","1,773.00",,0.97%,False
2018-08-06,1773.0,"1,773.00","1,773.00","1,773.00",,0.00%,False
2018-08-07,1732.0,"1,732.00","1,732.00","1,732.00",,-2.31%,False
2018-08-08,1704.0,"1,704.00","1,704.00","1,704.00",,-1.62%,False
2018-08-09,1694.0,"1,694.00","1,694.00","1,694.00",,-0.59%,False
2018-08-10,1691.0,"1,691.00","1,691.00","1,691.00",,-0.18%,False
2018-08-13,1709.0,"1,709.00","1,709.00","1,709.00",,1.06%,False
2018-08-14,1725.0,"1,725.00","1,725.00","1,725.00",,0.94%,False
2018-08-15,1727.0,"1,727.00","1,727.00","1,727.00",,0.12%,False
2018-08-16,1720.0,"1,720.00","1,720.00","1,720.00",,-0.41%,False
2018-08-17,1723.0,"1,723.00","1,723.00","1,723.00",,0.17%,False
2018-08-20,1727.0,"1,727.00","1,727.00","1,727.00",,0.23%,False
2018-08-21,1736.0,"1,736.00","1,736.00","1,736.00",,0.52%,False
2018-08-22,1735.0,"1,735.00","1,735.00","1,735.00",,-0.06%,False
2018-08-23,1709.0,"1,709.00","1,709.00","1,709.00",,-1.50%,False
2018-08-24,1697.0,"1,697.00","1,697.00","1,697.00",,-0.70%,False
2018-08-28,1684.0,"1,684.00","1,684.00","1,684.00",,-0.77%,False
2018-08-29,1661.0,"1,661.00","1,661.00","1,661.00",,-1.37%,False
2018-08-30,1614.0,"1,614.00","1,614.00","1,614.00",,-2.83%,False
2018-08-31,1579.0,"1,579.00","1,579.00","1,579.00",,-2.17%,True
2018-09-03,1557.0,"1,557.00","1,557.00","1,557.00",,-1.39%,False
2018-09-04,1513.0,"1,513.00","1,513.00","1,513.00",,-2.83%,False
2018-09-05,1477.0,"1,477.00","1,477.00","1,477.00",,-2.38%,False
2018-09-06,1484.0,"1,484.00","1,484.00","1,484.00",,0.47%,False
2018-09-07,1490.0,"1,490.00","1,490.00","1,490.00",,0.40%,False
2018-09-10,1482.0,"1,482.00","1,482.00","1,482.00",,-0.54%,False
2018-09-11,1439.0,"1,439.00","1,439.00","1,439.00",,-2.90%,False
2018-09-12,1411.0,"1,411.00","1,411.00","1,411.00",,-1.95%,False
2018-09-13,1382.0,"1,382.00","1,382.00","1,382.00",,-2.06%,False
2018-09-14,1366.0,"1,366.00","1,366.00","1,366.00",,-1.16%,False
2018-09-17,1357.0,"1,357.00","1,357.00","1,357.00",,-0.66%,False
2018-09-18,1356.0,"1,356.00","1,356.00","1,356.00",,-0.07%,False
2018-09-19,1373.0,"1,373.00","1,373.00","1,373.00",,1.25%,False
2018-09-20,1396.0,"1,396.00","1,396.00","1,396.00",,1.68%,False
2018-09-21,1413.0,"1,413.00","1,413.00","1,413.00",,1.22%,False
2018-09-24,1434.0,"1,434.00","1,434.00","1,434.00",,1.49%,False
2018-09-25,1450.0,"1,450.00","1,450.00","1,450.00",,1.12%,False
2018-09-26,1503.0,"1,503.00","1,503.00","1,503.00",,3.66%,False
2018-09-27,1524.0,"1,524.00","1,524.00","1,524.00",,1.40%,False
2018-09-28,1540.0,"1,540.00","1,540.00","1,540.00",,1.05%,False
2018-10-01,1555.0,"1,555.00","1,555.00","1,555.00",,0.97%,False
2018-10-02,1570.0,"1,570.00","1,570.00","1,570.00",,0.96%,False
2018-10-03,1574.0,"1,574.00","1,574.00","1,574.00",,0.25%,False
2018-10-04,1554.0,"1,554.00","1,554.00","1,554.00",,-1.27%,False
2018-10-05,1536.0,"1,536.00","1,536.00","1,536.00",,-1.16%,False
2018-10-08,1530.0,"1,530.00","1,530.00","1,530.00",,-0.39%,False
2018-10-09,1503.0,"1,503.00","1,503.00","1,503.00",,-1.76%,False
2018-10-10,1493.0,"1,493.00","1,493.00","1,493.00",,-0.67%,False
2018-10-11,1515.0,"1,515.00","1,515.00","1,515.00",,1.47%,False
2018-10-12,1579.0,"1,579.00","1,579.00","1,579.00",,4.22%,False
2018-10-15,1584.0,"1,584.00","1,584.00","1,584.00",,0.32%,False
2018-10-16,1578.0,"1,578.00","1,578.00","1,578.00",,-0.38%,False
2018-10-17,1554.0,"1,554.00","1,554.00","1,554.00",,-1.52%,False
2018-10-18,1565.0,"1,565.00","1,565.00","1,565.00",,0.71%,False
2018-10-19,1576.0,"1,576.00","1,576.00","1,576.00",,0.70%,False
2018-10-22,1579.0,"1,579.00","1,579.00","1,579.00",,0.19%,False
2018-10-23,1577.0,"1,577.00","1,577.00","1,577.00",,-0.13%,False
2018-10-24,1546.0,"1,546.00","1,546.00","1,546.00",,-1.97%,False
2018-10-25,1516.0,"1,516.00","1,516.00","1,516.00",,-1.94%,False
2018-10-26,1519.0,"1,519.00","1,519.00","1,519.00",,0.20%,False
2018-10-29,1522.0,"1,522.00","1,522.00","1,522.00",,0.20%,False
2018-10-30,1513.0,"1,513.00","1,513.00","1,513.00",,-0.59%,False
2018-10-31,1490.0,"1,490.00","1,490.00","1,490.00",,-1.52%,False
2018-11-01,1470.0,"1,470.00","1,470.00","1,470.00",,-1.34%,False
2018-11-02,1457.0,"1,457.00","1,457.00","1,457.00",,-0.88%,False
2018-11-05,1428.0,"1,428.00","1,428.00","1,428.00",,-1.99%,False
2018-11-06,1395.0,"1,395.00","1,395.00","1,395.00",,-2.31%,False
2018-11-07,1304.0,"1,304.00","1,304.00","1,304.00",,-6.52%,True
2018-11-08,1231.0,"1,231.00","1,231.00","1,231.00",,-5.60%,True
2018-11-09,1147.0,"1,147.00","1,147.00","1,147.00",,-6.82%,True
2018-11-12,1125.0,"1,125.00","1,125.00","1,125.00",,-1.92%,False
2018-11-13,1064.0,"1,064.00","1,064.00","1,064.00",,-5.42%,False
2018-11-14,1009.0,"1,009.00","1,009.00","1,009.00",,-5.17%,False
2018-11-15,1020.0,"1,020.00","1,020.00","1,020.00",,1.09%,False
2018-11-16,1031.0,"1,031.00","1,031.00","1,031.00",,1.08%,False
2018-11-19,1023.0,"1,023.00","1,023.00","1,023.00",,-0.78%,False
2018-11-20,1003.0,"1,003.00","1,003.00","1,003.00",,-1.96%,False
2018-11-21,1008.0,"1,008.00","1,008.00","1,008.00",,0.50%,False
2018-11-22,1018.0,"1,018.00","1,018.00","1,018.00",,0.99%,False
2018-11-23,1093.0,"1,093.00","1,093.00","1,093.00",,7.37%,False
2018-11-26,1217.0,"1,217.00","1,217.00","1,217.00",,11.34%,False
2018-11-27,1339.0,"1,339.00","1,339.00","1,339.00",,10.02%,False
2018-11-28,1330.0,"1,330.00","1,330.00","1,330.00",,-0.67%,False
2018-11-29,1281.0,"1,281.00","1,281.00","1,281.00",,-3.68%,False
2018-11-30,1231.0,"1,231.00","1,231.00","1,231.00",,-3.90%,False
2018-12-03,1203.0,"1,203.00","1,203.00","1,203.00",,-2.27%,False
2018-12-04,1237.0,"1,237.00","1,237.00","1,237.00",,2.83%,False
2018-12-05,1296.0,"1,296.00","1,296.00","1,296.00",,4.77%,False
2018-12-06,1339.0,"1,339.00","1,339.00","1,339.00",,3.32%,False
2018-12-07,1372.0,"1,372.00","1,372.00","1,372.00",,2.46%,False
2018-12-10,1385.0,"1,385.00","1,385.00","1,385.00",,0.95%,False
2018-12-11,1364.0,"1,364.00","1,364.00","1,364.00",,-1.52%,False
2018-12-12,1353.0,"1,353.00","1,353.00","1,353.00",,-0.81%,False
2018-12-13,1365.0,"1,365.00","1,365.00","1,365.00",,0.89%,False
2018-12-14,1401.0,"1,401.00","1,401.00","1,401.00",,2.64%,False
2018-12-17,1406.0,"1,406.00","1,406.00","1,406.00",,0.36%,False
2018-12-18,1395.0,"1,395.00","1,395.00","1,395.00",,-0.78%,False
2018-12-19,1378.0,"1,378.00","1,378.00","1,378.00",,-1.22%,False
2018-12-20,1318.0,"1,318.00","1,318.00","1,318.00",,-4.35%,False
2018-12-21,1279.0,"1,279.00","1,279.00","1,279.00",,-2.96%,False
2018-12-24,1271.0,"1,271.00","1,271.00","1,271.00",,-0.63%,False
2019-01-02,1282.0,"1,282.00","1,282.00","1,282.00",,0.87%,False
2019-01-03,1267.0,"1,267.00","1,267.00","1,267.00",,-1.17%,False
2019-01-04,1260.0,"1,260.00","1,260.00","1,260.00",,-0.55%,False
2019-01-07,1247.0,"1,247.00","1,247.00","1,247.00",,-1.03%,False
2019-01-08,1262.0,"1,262.00","1,262.00","1,262.00",,1.20%,False
2019-01-09,1238.0,"1,238.00","1,238.00","1,238.00",,-1.90%,False
2019-01-10,1189.0,"1,189.00","1,189.00","1,189.00",,-3.96%,False
2019-01-11,1169.0,"1,169.00","1,169.00","1,169.00",,-1.68%,False
2019-01-14,1147.0,"1,147.00","1,147.00","1,147.00",,-1.88%,False
2019-01-15,1096.0,"1,096.00","1,096.00","1,096.00",,-4.45%,False
2019-01-16,1055.0,"1,055.00","1,055.00","1,055.00",,-3.74%,False
2019-01-17,1077.0,"1,077.00","1,077.00","1,077.00",,2.09%,False
2019-01-18,1112.0,"1,112.00","1,112.00","1,112.00",,3.25%,False
2019-01-21,1092.0,"1,092.00","1,092.00","1,092.00",,-1.80%,False
2019-01-22,1036.0,"1,036.00","1,036.00","1,036.00",,-5.13%,False
2019-01-23,982.0,982.00,982.00,982.00,,-5.21%,False
2019-01-24,939.0,939.00,939.00,939.00,,-4.38%,False
2019-01-25,905.0,905.00,905.00,905.00,,-3.62%,False
2019-01-28,852.0,852.00,852.00,852.00,,-5.86%,False
2019-01-29,797.0,797.00,797.00,797.00,,-6.46%,False
2019-01-30,721.0,721.00,721.00,721.00,,-9.54%,False
2019-01-31,668.0,668.00,668.00,668.00,,-7.35%,False
2019-02-01,645.0,645.00,645.00,645.00,,-3.44%,False
2019-02-04,634.0,634.00,634.00,634.00,,-1.71%,False
2019-02-05,629.0,629.00,629.00,629.00,,-0.79%,False
2019-02-06,629.0,629.00,629.00,629.00,,0.00%,False
2019-02-07,610.0,610.00,610.00,610.00,,-3.02%,False
2019-02-08,601.0,601.00,601.00,601.00,,-1.48%,False
2019-02-11,595.0,595.00,595.00,595.00,,-1.00%,False
2019-02-12,598.0,598.00,598.00,598.00,,0.50%,False
2019-02-13,608.0,608.00,608.00,608.00,,1.67%,False
2019-02-14,628.0,628.00,628.00,628.00,,3.29%,False
2019-02-15,639.0,639.00,639.00,639.00,,1.75%,False
2019-02-18,643.0,643.00,643.00,643.00,,0.63%,False
2019-02-19,635.0,635.00,635.00,635.00,,-1.24%,False
2019-02-20,622.0,622.00,622.00,622.00,,-2.05%,False
2019-02-21,630.0,630.00,630.00,630.00,,1.29%,False
2019-02-22,634.0,634.00,634.00,634.00,,0.63%,False
2019-02-25,637.0,637.00,637.00,637.00,,0.47%,False
2019-02-26,649.0,649.00,649.00,649.00,,1.88%,False
2019-02-27,651.0,651.00,651.00,651.00,,0.31%,False
2019-02-28,658.0,658.00,658.00,658.00,,1.08%,False
2019-03-01,664.0,664.00,664.00,664.00,,0.91%,False
2019-03-04,669.0,669.00,669.00,669.00,,0.75%,False
2019-03-05,663.0,663.00,663.00,663.00,,-0.90%,False
2019-03-06,664.0,664.00,664.00,664.00,,0.15%,False
2019-03-07,657.0,657.00,657.00,657.00,,-1.05%,False
2019-03-08,649.0,649.00,649.00,649.00,,-1.22%,False
2019-03-11,645.0,645.00,645.00,645.00,,-0.62%,False
2019-03-12,647.0,647.00,647.00,647.00,,0.31%,False
2019-03-13,654.0,654.00,654.00,654.00,,1.08%,False
2019-03-14,677.0,677.00,677.00,677.00,,3.52%,False
2019-03-15,730.0,730.00,730.00,730.00,,7.83%,True
2019-03-18,721.0,721.00,721.00,721.00,,-1.23%,False
2019-03-19,712.0,712.00,712.00,712.00,,-1.25%,False
2019-03-20,709.0,709.00,709.00,709.00,,-0.42%,False
2019-03-21,695.0,695.00,695.00,695.00,,-1.97%,False
2019-03-22,690.0,690.00,690.00,690.00,,-0.72%,False
2019-03-25,689.0,689.00,689.00,689.00,,-0.14%,False
2019-03-26,683.0,683.00,683.00,683.00,,-0.87%,False
2019-03-27,690.0,690.00,690.00,690.00,,1.02%,False
2019-03-28,692.0,692.00,692.00,692.00,,0.29%,False
2019-03-29,689.0,689.00,689.00,689.00,,-0.43%,False
2019-04-01,685.0,685.00,685.00,685.00,,-0.58%,False
2019-04-02,674.0,674.00,674.00,674.00,,-1.61%,False
2019-04-03,672.0,672.00,672.00,672.00,,-0.30%,False
2019-04-04,699.0,699.00,699.00,699.00,,4.02%,False
2019-04-05,711.0,711.00,711.00,711.00,,1.72%,False
2019-04-08,714.0,714.00,714.00,714.00,,0.42%,False
2019-04-09,725.0,725.00,725.00,725.00,,1.54%,False
2019-04-10,734.0,734.00,734.00,734.00,,1.24%,False
2019-04-11,728.0,728.00,728.00,728.00,,-0.82%,False
2019-04-12,726.0,726.00,726.00,726.00,,-0.27%,False
2019-04-15,738.0,738.00,738.00,738.00,,1.65%,False
2019-04-16,749.0,749.00,749.00,749.00,,1.49%,False
2019-04-17,767.0,767.00,767.00,767.00,,2.40%,False
2019-04-18,790.0,790.00,790.00,790.00,,3.00%,False
2019-04-23,821.0,821.00,821.00,821.00,,3.92%,False
2019-04-24,850.0,850.00,850.00,850.00,,3.53%,False
2019-04-25,869.0,869.00,869.00,869.00,,2.24%,False
2019-04-26,889.0,889.00,889.00,889.00,,2.30%,False
2019-04-29,913.0,913.00,913.00,913.00,,2.70%,False
2019-04-30,1011.0,"1,011.00","1,011.00","1,011.00",,10.73%,True
2019-05-01,1031.0,"1,031.00","1,031.00","1,031.00",,1.98%,False
2019-05-02,1032.0,"1,032.00","1,032.00","1,032.00",,0.10%,False
2019-05-03,985.0,985.00,985.00,985.00,,-4.55%,False
2019-05-07,936.0,936.00,936.00,936.00,,-4.97%,False
2019-05-08,940.0,940.00,940.00,940.00,,0.43%,False
2019-05-09,974.0,974.00,974.00,974.00,,3.62%,False
2019-05-10,1013.0,"1,013.00","1,013.00","1,013.00",,4.00%,False
2019-05-13,1026.0,"1,026.00","1,026.00","1,026.00",,1.28%,False
2019-05-14,1043.0,"1,043.00","1,043.00","1,043.00",,1.66%,False
2019-05-15,1032.0,"1,032.00","1,032.00","1,032.00",,-1.05%,False
2019-05-16,1032.0,"1,032.00","1,032.00","1,032.00",,0.00%,False
2019-05-17,1040.0,"1,040.00","1,040.00","1,040.00",,0.78%,False
2019-05-20,1041.0,"1,041.00","1,041.00","1,041.00",,0.10%,False
2019-05-21,1049.0,"1,049.00","1,049.00","1,049.00",,0.77%,False
2019-05-22,1059.0,"1,059.00","1,059.00","1,059.00",,0.95%,False
2019-05-23,1068.0,"1,068.00","1,068.00","1,068.00",,0.85%,False
2019-05-24,1066.0,"1,066.00","1,066.00","1,066.00",,-0.19%,False
2019-05-28,1082.0,"1,082.00","1,082.00","1,082.00",,1.50%,False
2019-05-29,1107.0,"1,107.00","1,107.00","1,107.00",,2.31%,False
2019-05-30,1097.0,"1,097.00","1,097.00","1,097.00",,-0.90%,False
2019-05-31,1096.0,"1,096.00","1,096.00","1,096.00",,-0.09%,False
2019-06-03,1103.0,"1,103.00","1,103.00","1,103.00",,0.64%,False
2019-06-04,1122.0,"1,122.00","1,122.00","1,122.00",,1.72%,False
2019-06-05,1141.0,"1,141.00","1,141.00","1,141.00",,1.69%,False
2019-06-06,1138.0,"1,138.00","1,138.00","1,138.00",,-0.26%,False
2019-06-07,1138.0,"1,138.00","1,138.00","1,138.00",,0.00%,False
2019-06-10,1125.0,"1,125.00","1,125.00","1,125.00",,-1.14%,False
2019-06-11,1105.0,"1,105.00","1,105.00","1,105.00",,-1.78%,False
2019-06-12,1080.0,"1,080.00","1,080.00","1,080.00",,-2.26%,False
2019-06-13,1062.0,"1,062.00","1,062.00","1,062.00",,-1.67%,False
2019-06-14,1085.0,"1,085.00","1,085.00","1,085.00",,2.17%,False
2019-06-17,1093.0,"1,093.00","1,093.00","1,093.00",,0.74%,False
2019-06-18,1135.0,"1,135.00","1,135.00","1,135.00",,3.84%,False
2019-06-19,1179.0,"1,179.00","1,179.00","1,179.00",,3.88%,False
2019-06-20,1194.0,"1,194.00","1,194.00","1,194.00",,1.27%,False
2019-06-21,1239.0,"1,239.00","1,239.00","1,239.00",,3.77%,False
2019-06-24,1258.0,"1,258.00","1,258.00","1,258.00",,1.53%,False
2019-06-25,1280.0,"1,280.00","1,280.00","1,280.00",,1.75%,False
2019-06-26,1317.0,"1,317.00","1,317.00","1,317.00",,2.89%,False
2019-06-27,1340.0,"1,340.00","1,340.00","1,340.00",,1.75%,False
2019-06-28,1354.0,"1,354.00","1,354.00","1,354.00",,1.04%,False
2019-07-01,1381.0,"1,381.00","1,381.00","1,381.00",,1.99%,False
2019-07-02,1446.0,"1,446.00","1,446.00","1,446.00",,4.71%,False
2019-07-03,1549.0,"1,549.00","1,549.00","1,549.00",,7.12%,False
2019-07-04,1700.0,"1,700.00","1,700.00","1,700.00",,9.75%,True
2019-07-05,1740.0,"1,740.00","1,740.00","1,740.00",,2.35%,False
2019-07-08,1725.0,"1,725.00","1,725.00","1,725.00",,-0.86%,False
2019-07-09,1759.0,"1,759.00","1,759.00","1,759.00",,1.97%,False
2019-07-10,1777.0,"1,777.00","1,777.00","1,777.00",,1.02%,False
2019-07-11,1816.0,"1,816.00","1,816.00","1,816.00",,2.19%,False
2019-07-12,1865.0,"1,865.00","1,865.00","1,865.00",,2.70%,False
2019-07-15,1928.0,"1,928.00","1,928.00","1,928.00",,3.38%,False
2019-07-16,2011.0,"2,011.00","2,011.00","2,011.00",,4.30%,False
2019-07-17,2064.0,"2,064.00","2,064.00","2,064.00",,2.64%,False
2019-07-18,2130.0,"2,130.00","2,130.00","2,130.00",,3.20%,False
2019-07-19,2170.0,"2,170.00","2,170.00","2,170.00",,1.88%,False
2019-07-22,2191.0,"2,191.00","2,191.00","2,191.00",,0.97%,False
2019-07-23,2165.0,"2,165.00","2,165.00","2,165.00",,-1.19%,False
2019-07-24,2014.0,"2,014.00","2,014.00","2,014.00",,-6.97%,False
2019-07-25,1947.0,"1,947.00","1,947.00","1,947.00",,-3.33%,False
2019-07-26,1937.0,"1,937.00","1,937.00","1,937.00",,-0.51%,False
2019-07-29,1922.0,"1,922.00","1,922.00","1,922.00",,-0.77%,False
2019-07-30,1899.0,"1,899.00","1,899.00","1,899.00",,-1.20%,False
2019-07-31,1868.0,"1,868.00","1,868.00","1,868.00",,-1.63%,False
2019-08-01,1812.0,"1,812.00","1,812.00","1,812.00",,-3.00%,False
2019-08-02,1788.0,"1,788.00","1,788.00","1,788.00",,-1.32%,False
2019-08-05,1774.0,"1,774.00","1,774.00","1,774.00",,-0.78%,False
2019-08-06,1734.0,"1,734.00","1,734.00","1,734.00",,-2.25%,False
2019-08-07,1712.0,"1,712.00","1,712.00","1,712.00",,-1.27%,False
2019-08-08,1720.0,"1,720.00","1,720.00","1,720.00",,0.47%,False
2019-08-09,1748.0,"1,748.00","1,748.00","1,748.00",,1.63%,False
2019-08-12,1774.0,"1,774.00","1,774.00","1,774.00",,1.49%,False
2019-08-13,1864.0,"1,864.00","1,864.00","1,864.00",,5.07%,False
2019-08-14,1950.0,"1,950.00","1,950.00","1,950.00",,4.61%,False
2019-08-15,2047.0,"2,047.00","2,047.00","2,047.00",,4.97%,False
2019-08-16,2088.0,"2,088.00","2,088.00","2,088.00",,2.00%,False
2019-08-19,2067.0,"2,067.00","2,067.00","2,067.00",,-1.01%,False
2019-08-20,2059.0,"2,059.00","2,059.00","2,059.00",,-0.39%,False
2019-08-21,2061.0,"2,061.00","2,061.00","2,061.00",,0.10%,False
2019-08-22,2118.0,"2,118.00","2,118.00","2,118.00",,2.77%,False
2019-08-23,2168.0,"2,168.00","2,168.00","2,168.00",,2.36%,False
2019-08-27,2213.0,"2,213.00","2,213.00","2,213.00",,2.08%,False
2019-08-28,2267.0,"2,267.00","2,267.00","2,267.00",,2.44%,False
2019-08-29,2277.0,"2,277.00","2,277.00","2,277.00",,0.44%,False
2019-08-30,2378.0,"2,378.00","2,378.00","2,378.00",,4.44%,False
2019-09-02,2442.0,"2,442.00","2,442.00","2,442.00",,2.69%,False
2019-09-03,2501.0,"2,501.00","2,501.00","2,501.00",,2.42%,False
2019-09-04,2518.0,"2,518.00","2,518.00","2,518.00",,0.68%,False
2019-09-05,2499.0,"2,499.00","2,499.00","2,499.00",,-0.75%,False
2019-09-06,2462.0,"2,462.00","2,462.00","2,462.00",,-1.48%,False
2019-09-09,2422.0,"2,422.00","2,422.00","2,422.00",,-1.62%,False
2019-09-10,2393.0,"2,393.00","2,393.00","2,393.00",,-1.20%,False
2019-09-11,2366.0,"2,366.00","2,366.00","2,366.00",,-1.13%,False
2019-09-12,2331.0,"2,331.00","2,331.00","2,331.00",,-1.48%,False
2019-09-13,2312.0,"2,312.00","2,312.00","2,312.00",,-0.82%,False
2019-09-16,2311.0,"2,311.00","2,311.00","2,311.00",,-0.04%,False
2019-09-17,2283.0,"2,283.00","2,283.00","2,283.00",,-1.21%,False
2019-09-18,2266.0,"2,266.00","2,266.00","2,266.00",,-0.74%,False
2019-09-19,2192.0,"2,192.00","2,192.00","2,192.00",,-3.27%,False
2019-09-20,2131.0,"2,131.00","2,131.00","2,131.00",,-2.78%,False
2019-09-23,2108.0,"2,108.00","2,108.00","2,108.00",,-1.08%,False
2019-09-24,2116.0,"2,116.00","2,116.00","2,116.00",,0.38%,False
2019-09-25,2053.0,"2,053.00","2,053.00","2,053.00",,-2.98%,False
2019-09-26,1963.0,"1,963.00","1,963.00","1,963.00",,-4.38%,False
2019-09-27,1857.0,"1,857.00","1,857.00","1,857.00",,-5.40%,False
2019-09-30,1823.0,"1,823.00","1,823.00","1,823.00",,-1.83%,False
2019-10-01,1809.0,"1,809.00","1,809.00","1,809.00",,-0.77%,False
2019-10-02,1803.0,"1,803.00","1,803.00","1,803.00",,-0.33%,False
2019-10-03,1757.0,"1,757.00","1,757.00","1,757.00",,-2.55%,False
2019-10-04,1767.0,"1,767.00","1,767.00","1,767.00",,0.57%,False
2019-10-07,1770.0,"1,770.00","1,770.00","1,770.00",,0.17%,False
2019-10-08,1801.0,"1,801.00","1,801.00","1,801.00",,1.75%,False
2019-10-09,1873.0,"1,873.00","1,873.00","1,873.00",,4.00%,False
2019-10-10,1929.0,"1,929.00","1,929.00","1,929.00",,2.99%,False
2019-10-11,1924.0,"1,924.00","1,924.00","1,924.00",,-0.26%,False
2019-10-14,1916.0,"1,916.00","1,916.00","1,916.00",,-0.42%,False
2019-10-15,1898.0,"1,898.00","1,898.00","1,898.00",,-0.94%,False
2019-10-16,1897.0,"1,897.00","1,897.00","1,897.00",,-0.05%,False
2019-10-17,1861.0,"1,861.00","1,861.00","1,861.00",,-1.90%,False
2019-10-18,1855.0,"1,855.00","1,855.00","1,855.00",,-0.32%,False
2019-10-21,1846.0,"1,846.00","1,846.00","1,846.00",,-0.49%,False
2019-10-22,1806.0,"1,806.00","1,806.00","1,806.00",,-2.17%,False
2019-10-23,1779.0,"1,779.00","1,779.00","1,779.00",,-1.50%,False
2019-10-24,1785.0,"1,785.00","1,785.00","1,785.00",,0.34%,False
2019-10-25,1801.0,"1,801.00","1,801.00","1,801.00",,0.90%,False
2019-10-28,1803.0,"1,803.00","1,803.00","1,803.00",,0.11%,False
2019-10-29,1802.0,"1,802.00","1,802.00","1,802.00",,-0.06%,False
2019-10-30,1782.0,"1,782.00","1,782.00","1,782.00",,-1.11%,False
2019-10-31,1731.0,"1,731.00","1,731.00","1,731.00",,-2.86%,False
2019-11-01,1697.0,"1,697.00","1,697.00","1,697.00",,-1.96%,False
2019-11-04,1675.0,"1,675.00","1,675.00","1,675.00",,-1.30%,False
2019-11-05,1656.0,"1,656.00","1,656.00","1,656.00",,-1.13%,False
2019-11-06,1533.0,"1,533.00","1,533.00","1,533.00",,-7.43%,True
2019-11-07,1428.0,"1,428.00","1,428.00","1,428.00",,-6.85%,True
2019-11-08,1378.0,"1,378.00","1,378.00","1,378.00",,-3.50%,True
2019-11-11,1345.0,"1,345.00","1,345.00","1,345.00",,-2.39%,False
2019-11-12,1354.0,"1,354.00","1,354.00","1,354.00",,0.67%,False
2019-11-13,1365.0,"1,365.00","1,365.00","1,365.00",,0.81%,False
2019-11-14,1364.0,"1,364.00","1,364.00","1,364.00",,-0.07%,False
2019-11-15,1357.0,"1,357.00","1,357.00","1,357.00",,-0.51%,False
2019-11-18,1338.0,"1,338.00","1,338.00","1,338.00",,-1.40%,False
2019-11-19,1304.0,"1,304.00","1,304.00","1,304.00",,-2.54%,False
2019-11-20,1260.0,"1,260.00","1,260.00","1,260.00",,-3.37%,False
2019-11-21,1255.0,"1,255.00","1,255.00","1,255.00",,-0.40%,False
2019-11-22,1284.0,"1,284.00","1,284.00","1,284.00",,2.31%,False
2019-11-25,1351.0,"1,351.00","1,351.00","1,351.00",,5.22%,False
2019-11-26,1426.0,"1,426.00","1,426.00","1,426.00",,5.55%,False
2019-11-27,1440.0,"1,440.00","1,440.00","1,440.00",,0.98%,False
2019-11-28,1467.0,"1,467.00","1,467.00","1,467.00",,1.88%,False
2019-11-29,1528.0,"1,528.00","1,528.00","1,528.00",,4.16%,False
2019-12-02,1568.0,"1,568.00","1,568.00","1,568.00",,2.62%,False
2019-12-03,1606.0,"1,606.00","1,606.00","1,606.00",,2.42%,False
2019-12-04,1599.0,"1,599.00","1,599.00","1,599.00",,-0.44%,False
2019-12-05,1575.0,"1,575.00","1,575.00","1,575.00",,-1.50%,False
2019-12-06,1558.0,"1,558.00","1,558.00","1,558.00",,-1.08%,False
2019-12-09,1551.0,"1,551.00","1,551.00","1,551.00",,-0.45%,False
2019-12-10,1528.0,"1,528.00","1,528.00","1,528.00",,-1.48%,False
2019-12-11,1460.0,"1,460.00","1,460.00","1,460.00",,-4.45%,False
2019-12-12,1388.0,"1,388.00","1,388.00","1,388.00",,-4.93%,False
2019-12-13,1355.0,"1,355.00","1,355.00","1,355.00",,-2.38%,False
2019-12-16,1315.0,"1,315.00","1,315.00","1,315.00",,-2.95%,False
2019-12-17,1281.0,"1,281.00","1,281.00","1,281.00",,-2.59%,False
2019-12-18,1221.0,"1,221.00","1,221.00","1,221.00",,-4.68%,False
2019-12-19,1151.0,"1,151.00","1,151.00","1,151.00",,-5.73%,False
2019-12-20,1123.0,"1,123.00","1,123.00","1,123.00",,-2.43%,False
2019-12-23,1103.0,"1,103.00","1,103.00","1,103.00",,-1.78%,False
2019-12-24,1090.0,"1,090.00","1,090.00","1,090.00",,-1.18%,False
2020-01-02,976.0,976.00,976.00,976.00,,-10.46%,False
2020-01-03,907.0,907.00,907.00,907.00,,-7.07%,False
2020-01-06,844.0,844.00,844.00,844.00,,-6.95%,False
2020-01-07,791.0,791.00,791.00,791.00,,-6.28%,False
2020-01-08,773.0,773.00,773.00,773.00,,-2.28%,False
2020-01-09,772.0,772.00,772.00,772.00,,-0.13%,False
2020-01-10,774.0,774.00,774.00,774.00,,0.26%,False
2020-01-13,765.0,765.00,765.00,765.00,,-1.16%,False
2020-01-14,763.0,763.00,763.00,763.00,,-0.26%,False
2020-01-15,768.0,768.00,768.00,768.00,,0.66%,False
2020-01-16,768.0,768.00,768.00,768.00,,0.00%,False
2020-01-17,754.0,754.00,754.00,754.00,,-1.82%,False
2020-01-20,729.0,729.00,729.00,729.00,,-3.32%,False
2020-01-21,689.0,689.00,689.00,689.00,,-5.49%,False
2020-01-22,623.0,623.00,623.00,623.00,,-9.58%,False
2020-01-23,576.0,576.00,576.00,576.00,,-7.54%,False
2020-01-24,557.0,557.00,557.00,557.00,,-3.30%,False
2020-01-27,546.0,546.00,546.00,546.00,,-1.97%,False
2020-01-28,539.0,539.00,539.00,539.00,,-1.28%,False
2020-01-29,525.0,525.00,525.00,525.00,,-2.60%,False
2020-01-30,498.0,498.00,498.00,498.00,,-5.14%,False
2020-01-31,487.0,487.00,487.00,487.00,,-2.21%,False
2020-02-03,466.0,466.00,466.00,466.00,,-4.31%,False
2020-02-04,453.0,453.00,453.00,453.00,,-2.79%,False
2020-02-05,430.0,430.00,430.00,430.00,,-5.08%,False
2020-02-06,431.0,431.00,431.00,431.00,,0.23%,False
2020-02-07,415.0,415.00,415.00,415.00,,-3.71%,False
2020-02-10,411.0,411.00,411.00,411.00,,-0.96%,False
2020-02-11,418.0,418.00,418.00,418.00,,1.70%,False
2020-02-12,421.0,421.00,421.00,421.00,,0.72%,False
2020-02-13,421.0,421.00,421.00,421.00,,0.00%,False
2020-02-14,425.0,425.00,425.00,425.00,,0.95%,False
2020-02-17,434.0,434.00,434.00,434.00,,2.12%,False
2020-02-18,450.0,450.00,450.00,450.00,,3.69%,False
2020-02-19,465.0,465.00,465.00,465.00,,3.33%,False
2020-02-20,480.0,480.00,480.00,480.00,,3.23%,False
2020-02-21,497.0,497.00,497.00,497.00,,3.54%,False
2020-02-24,506.0,506.00,506.00,506.00,,1.81%,False
2020-02-25,508.0,508.00,508.00,508.00,,0.40%,False
2020-02-26,517.0,517.00,517.00,517.00,,1.77%,False
2020-02-27,529.0,529.00,529.00,529.00,,2.32%,False
2020-02-28,535.0,535.00,535.00,535.00,,1.13%,False
2020-03-02,539.0,539.00,539.00,539.00,,0.75%,False
2020-03-03,549.0,549.00,549.00,549.00,,1.86%,False
2020-03-04,562.0,562.00,562.00,562.00,,2.37%,False
2020-03-05,599.0,599.00,599.00,599.00,,6.58%,False
2020-03-06,617.0,617.00,617.00,617.00,,3.01%,False
2020-03-09,616.0,616.00,616.00,616.00,,-0.16%,False
2020-03-10,627.0,627.00,627.00,627.00,,1.79%,False
2020-03-11,631.0,631.00,631.00,631.00,,0.64%,False
2020-03-12,633.0,633.00,633.00,633.00,,0.32%,False
2020-03-13,631.0,631.00,631.00,631.00,,-0.32%,False
2020-03-16,623.0,623.00,623.00,623.00,,-1.27%,False
2020-03-17,612.0,612.00,612.00,612.00,,-1.77%,False
2020-03-18,629.0,629.00,629.00,629.00,,2.78%,False
2020-03-19,630.0,630.00,630.00,630.00,,0.16%,False
2020-03-20,625.0,625.00,625.00,625.00,,-0.79%,False
2020-03-23,617.0,617.00,617.00,617.00,,-1.28%,False
2020-03-24,603.0,603.00,603.00,603.00,,-2.27%,False
2020-03-25,582.0,582.00,582.00,582.00,,-3.48%,False
2020-03-26,569.0,569.00,569.00,569.00,,-2.23%,False
2020-03-27,556.0,556.00,556.00,556.00,,-2.28%,False
2020-03-30,548.0,548.00,548.00,548.00,,-1.44%,False
2020-03-31,626.0,626.00,626.00,626.00,,14.23%,False
2020-04-01,624.0,624.00,624.00,624.00,,-0.32%,False
2020-04-02,624.0,624.00,624.00,624.00,,0.00%,False
2020-04-03,616.0,616.00,616.00,616.00,,-1.28%,False
2020-04-06,604.0,604.00,604.00,604.00,,-1.95%,False
2020-04-07,596.0,596.00,596.00,596.00,,-1.32%,False
2020-04-08,607.0,607.00,607.00,607.00,,1.85%,False
2020-04-09,635.0,635.00,635.00,635.00,,4.61%,False
2020-04-14,679.0,679.00,679.00,679.00,,6.93%,False
2020-04-15,706.0,706.00,706.00,706.00,,3.98%,False
2020-04-16,726.0,726.00,726.00,726.00,,2.83%,False
2020-04-17,751.0,751.00,751.00,751.00,,3.44%,False
2020-04-20,757.0,757.00,757.00,757.00,,0.80%,False
2020-04-21,728.0,728.00,728.00,728.00,,-3.83%,False
2020-04-22,694.0,694.00,694.00,694.00,,-4.67%,False
2020-04-23,672.0,672.00,672.00,672.00,,-3.17%,False
2020-04-24,665.0,665.00,665.00,665.00,,-1.04%,False
2020-04-27,661.0,661.00,661.00,661.00,,-0.60%,False
2020-04-28,655.0,655.00,655.00,655.00,,-0.91%,False
2020-04-29,643.0,643.00,643.00,643.00,,-1.83%,False
2020-04-30,635.0,635.00,635.00,635.00,,-1.24%,False
2020-05-01,617.0,617.00,617.00,617.00,,-2.83%,False
2020-05-04,598.0,598.00,598.00,598.00,,-3.08%,False
2020-05-05,575.0,575.00,575.00,575.00,,-3.85%,False
2020-05-06,534.0,534.00,534.00,534.00,,-7.13%,False
2020-05-07,514.0,514.00,514.00,514.00,,-3.75%,False
2020-05-11,474.0,474.00,474.00,474.00,,-7.78%,False
2020-05-12,433.0,433.00,433.00,433.00,,-8.65%,False
2020-05-13,398.0,398.00,398.00,398.00,,-8.08%,False
2020-05-14,393.0,393.00,393.00,393.00,,-1.26%,False
2020-05-15,407.0,407.00,407.00,407.00,,3.56%,False
2020-05-18,427.0,427.00,427.00,427.00,,4.91%,False
2020-05-19,453.0,453.00,453.00,453.00,,6.09%,False
2020-05-20,477.0,477.00,477.00,477.00,,5.30%,False
2020-05-21,494.0,494.00,494.00,494.00,,3.56%,False
2020-05-22,498.0,498.00,498.00,498.00,,0.81%,False
2020-05-26,506.0,506.00,506.00,506.00,,1.61%,False
2020-05-27,502.0,502.00,502.00,502.00,,-0.79%,False
2020-05-28,489.0,489.00,489.00,489.00,,-2.59%,False
2020-05-29,504.0,504.00,504.00,504.00,,3.07%,False
2020-06-01,520.0,520.00,520.00,520.00,,3.17%,False
2020-06-02,546.0,546.00,546.00,546.00,,5.00%,False
2020-06-03,592.0,592.00,592.00,592.00,,8.42%,False
2020-06-04,632.0,632.00,632.00,632.00,,6.76%,False
2020-06-05,679.0,679.00,679.00,679.00,,7.44%,False
2020-06-08,698.0,698.00,698.00,698.00,,2.80%,False
2020-06-09,714.0,714.00,714.00,714.00,,2.29%,False
2020-06-10,764.0,764.00,764.00,764.00,,7.00%,False
2020-06-11,839.0,839.00,839.00,839.00,,9.82%,False
2020-06-12,923.0,923.00,923.00,923.00,,10.01%,False
2020-06-15,973.0,973.00,973.00,973.00,,5.42%,False
2020-06-16,1054.0,"1,054.00","1,054.00","1,054.00",,8.32%,False
2020-06-17,1246.0,"1,246.00","1,246.00","1,246.00",,18.22%,True
2020-06-18,1527.0,"1,527.00","1,527.00","1,527.00",,22.55%,True
2020-06-19,1555.0,"1,555.00","1,555.00","1,555.00",,1.83%,False
2020-06-22,1558.0,"1,558.00","1,558.00","1,558.00",,0.19%,False
2020-06-23,1617.0,"1,617.00","1,617.00","1,617.00",,3.79%,False
2020-06-24,1705.0,"1,705.00","1,705.00","1,705.00",,5.44%,False
2020-06-25,1738.0,"1,738.00","1,738.00","1,738.00",,1.94%,False
2020-06-26,1749.0,"1,749.00","1,749.00","1,749.00",,0.63%,False
2020-06-29,1794.0,"1,794.00","1,794.00","1,794.00",,2.57%,False
2020-06-30,1799.0,"1,799.00","1,799.00","1,799.00",,0.28%,False
2020-07-01,1803.0,"1,803.00","1,803.00","1,803.00",,0.22%,False
2020-07-02,1823.0,"1,823.00","1,823.00","1,823.00",,1.11%,False
2020-07-03,1894.0,"1,894.00","1,894.00","1,894.00",,3.89%,False
2020-07-06,1956.0,"1,956.00","1,956.00","1,956.00",,3.27%,False
2020-07-07,1949.0,"1,949.00","1,949.00","1,949.00",,-0.36%,False
2020-07-08,1849.0,"1,849.00","1,849.00","1,849.00",,-5.13%,False
2020-07-09,1810.0,"1,810.00","1,810.00","1,810.00",,-2.11%,False
2020-07-10,1810.0,"1,810.00","1,810.00","1,810.00",,0.00%,False
2020-07-13,1792.0,"1,792.00","1,792.00","1,792.00",,-0.99%,False
2020-07-14,1742.0,"1,742.00","1,742.00","1,742.00",,-2.79%,False
2020-07-15,1696.0,"1,696.00","1,696.00","1,696.00",,-2.64%,False
2020-07-16,1699.0,"1,699.00","1,699.00","1,699.00",,0.18%,False
2020-07-17,1710.0,"1,710.00","1,710.00","1,710.00",,0.65%,False
2020-07-20,1678.0,"1,678.00","1,678.00","1,678.00",,-1.87%,False
2020-07-21,1594.0,"1,594.00","1,594.00","1,594.00",,-5.01%,False
2020-07-22,1473.0,"1,473.00","1,473.00","1,473.00",,-7.59%,False
2020-07-23,1388.0,"1,388.00","1,388.00","1,388.00",,-5.77%,False
2020-07-24,1317.0,"1,317.00","1,317.00","1,317.00",,-5.12%,False
2020-07-27,1293.0,"1,293.00","1,293.00","1,293.00",,-1.82%,False
2020-07-28,1264.0,"1,264.00","1,264.00","1,264.00",,-2.24%,False
2020-07-29,1317.0,"1,317.00","1,317.00","1,317.00",,4.19%,False
2020-07-30,1348.0,"1,348.00","1,348.00","1,348.00",,2.35%,False
2020-07-31,1350.0,"1,350.00","1,350.00","1,350.00",,0.15%,False
2020-08-03,1385.0,"1,385.00","1,385.00","1,385.00",,2.59%,False
2020-08-07,1501.0,"1,501.00","1,501.00","1,501.00",,8.38%,False
2020-08-10,1506.0,"1,506.00","1,506.00","1,506.00",,0.33%,False
2020-08-11,1510.0,"1,510.00","1,510.00","1,510.00",,0.27%,False
2020-08-12,1540.0,"1,540.00","1,540.00","1,540.00",,1.99%,False
2020-08-13,1577.0,"1,577.00","1,577.00","1,577.00",,2.40%,False
2020-08-14,1595.0,"1,595.00","1,595.00","1,595.00",,1.14%,False
2020-08-17,1598.0,"1,598.00","1,598.00","1,598.00",,0.19%,False
2020-08-18,1586.0,"1,586.00","1,586.00","1,586.00",,-0.75%,False
2020-08-19,1568.0,"1,568.00","1,568.00","1,568.00",,-1.13%,False
2020-08-20,1518.0,"1,518.00","1,518.00","1,518.00",,-3.19%,False
2020-08-21,1481.0,"1,481.00","1,481.00","1,481.00",,-2.44%,False
2020-08-24,1491.0,"1,491.00","1,491.00","1,491.00",,0.68%,False
2020-08-25,1518.0,"1,518.00","1,518.00","1,518.00",,1.81%,False
2020-08-26,1509.0,"1,509.00","1,509.00","1,509.00",,-0.59%,False
2020-08-27,1504.0,"1,504.00","1,504.00","1,504.00",,-0.33%,False
2020-08-28,1488.0,"1,488.00","1,488.00","1,488.00",,-1.06%,False
2020-09-01,1471.0,"1,471.00","1,471.00","1,471.00",,-1.14%,False
2020-09-02,1445.0,"1,445.00","1,445.00","1,445.00",,-1.77%,False
2020-09-03,1395.0,"1,395.00","1,395.00","1,395.00",,-3.46%,False
2020-09-04,1362.0,"1,362.00","1,362.00","1,362.00",,-2.37%,False
2020-09-07,1349.0,"1,349.00","1,349.00","1,349.00",,-0.95%,False
2020-09-08,1328.0,"1,328.00","1,328.00","1,328.00",,-1.56%,False
2020-09-09,1296.0,"1,296.00","1,296.00","1,296.00",,-2.41%,False
2020-09-10,1269.0,"1,269.00","1,269.00","1,269.00",,-2.08%,False
2020-09-11,1267.0,"1,267.00","1,267.00","1,267.00",,-0.16%,False
2020-09-14,1282.0,"1,282.00","1,282.00","1,282.00",,1.18%,False
2020-09-15,1289.0,"1,289.00","1,289.00","1,289.00",,0.55%,False
2020-09-16,1281.0,"1,281.00","1,281.00","1,281.00",,-0.62%,False
2020-09-17,1294.0,"1,294.00","1,294.00","1,294.00",,1.01%,False
2020-09-18,1296.0,"1,296.00","1,296.00","1,296.00",,0.15%,False
2020-09-21,1314.0,"1,314.00","1,314.00","1,314.00",,1.39%,False
2020-09-22,1364.0,"1,364.00","1,364.00","1,364.00",,3.81%,False
2020-09-23,1426.0,"1,426.00","1,426.00","1,426.00",,4.55%,False
2020-09-24,1605.0,"1,605.00","1,605.00","1,605.00",,12.55%,False
2020-09-25,1667.0,"1,667.00","1,667.00","1,667.00",,3.86%,False
2020-09-28,1654.0,"1,654.00","1,654.00","1,654.00",,-0.78%,False
2020-09-29,1658.0,"1,658.00","1,658.00","1,658.00",,0.24%,False
2020-09-30,1725.0,"1,725.00","1,725.00","1,725.00",,4.04%,False
2020-10-01,1869.0,"1,869.00","1,869.00","1,869.00",,8.35%,False
2020-10-02,2020.0,"2,020.00","2,020.00","2,020.00",,8.08%,False
2020-10-05,2071.0,"2,071.00","2,071.00","2,071.00",,2.52%,False
2020-10-06,2097.0,"2,097.00","2,097.00","2,097.00",,1.26%,False
2020-10-07,2044.0,"2,044.00","2,044.00","2,044.00",,-2.53%,False
2020-10-08,1970.0,"1,970.00","1,970.00","1,970.00",,-3.62%,False
2020-10-09,1892.0,"1,892.00","1,892.00","1,892.00",,-3.96%,False
2020-10-12,1807.0,"1,807.00","1,807.00","1,807.00",,-4.49%,False
2020-10-13,1732.0,"1,732.00","1,732.00","1,732.00",,-4.15%,False
2020-10-14,1637.0,"1,637.00","1,637.00","1,637.00",,-5.48%,False
2020-10-15,1561.0,"1,561.00","1,561.00","1,561.00",,-4.64%,False
2020-10-16,1477.0,"1,477.00","1,477.00","1,477.00",,-5.38%,False
2020-10-19,1409.0,"1,409.00","1,409.00","1,409.00",,-4.60%,False
2020-10-20,1350.0,"1,350.00","1,350.00","1,350.00",,-4.19%,False
2020-10-21,1346.0,"1,346.00","1,346.00","1,346.00",,-0.30%,False
2020-10-22,1401.0,"1,401.00","1,401.00","1,401.00",,4.09%,False
2020-10-23,1415.0,"1,415.00","1,415.00","1,415.00",,1.00%,False
2020-10-26,1402.0,"1,402.00","1,402.00","1,402.00",,-0.92%,False
2020-10-27,1413.0,"1,413.00","1,413.00","1,413.00",,0.78%,False
2020-10-28,1384.0,"1,384.00","1,384.00","1,384.00",,-2.05%,False
2020-10-29,1297.0,"1,297.00","1,297.00","1,297.00",,-6.29%,False
2020-10-30,1283.0,"1,283.00","1,283.00","1,283.00",,-1.08%,False
2020-11-02,1284.0,"1,284.00","1,284.00","1,284.00",,0.08%,False
2020-11-03,1263.0,"1,263.00","1,263.00","1,263.00",,-1.64%,False
2020-11-04,1224.0,"1,224.00","1,224.00","1,224.00",,-3.09%,False
2020-11-05,1194.0,"1,194.00","1,194.00","1,194.00",,-2.45%,False
2020-11-06,1196.0,"1,196.00","1,196.00","1,196.00",,0.17%,False
2020-11-09,1207.0,"1,207.00","1,207.00","1,207.00",,0.92%,False
2020-11-10,1200.0,"1,200.00","1,200.00","1,200.00",,-0.58%,False
2020-11-11,1141.0,"1,141.00","1,141.00","1,141.00",,-4.92%,False
2020-11-12,1124.0,"1,124.00","1,124.00","1,124.00",,-1.49%,False
2020-11-16,1111.0,"1,111.00","1,111.00","1,111.00",,-1.16%,False
2020-11-17,1112.0,"1,112.00","1,112.00","1,112.00",,0.09%,False
2020-11-18,1115.0,"1,115.00","1,115.00","1,115.00",,0.27%,False
2020-11-19,1134.0,"1,134.00","1,134.00","1,134.00",,1.70%,False
2020-11-20,1148.0,"1,148.00","1,148.00","1,148.00",,1.23%,False
2020-11-23,1169.0,"1,169.00","1,169.00","1,169.00",,1.83%,False
2020-11-24,1178.0,"1,178.00","1,178.00","1,178.00",,0.77%,False
2020-11-25,1197.0,"1,197.00","1,197.00","1,197.00",,1.61%,False
2020-11-26,1219.0,"1,219.00","1,219.00","1,219.00",,1.84%,False
2020-11-27,1230.0,"1,230.00","1,230.00","1,230.00",,0.90%,False
2020-11-30,1227.0,"1,227.00","1,227.00","1,227.00",,-0.24%,False
2020-12-01,1211.0,"1,211.00","1,211.00","1,211.00",,-1.30%,False
2020-12-02,1201.0,"1,201.00","1,201.00","1,201.00",,-0.83%,False
2020-12-03,1189.0,"1,189.00","1,189.00","1,189.00",,-1.00%,False
2020-12-04,1197.0,"1,197.00","1,197.00","1,197.00",,0.67%,False
2020-12-07,1162.0,"1,162.00","1,162.00","1,162.00",,-2.92%,False
2020-12-08,1121.0,"1,121.00","1,121.00","1,121.00",,-3.53%,False
2020-12-09,1122.0,"1,122.00","1,122.00","1,122.00",,0.09%,False
2020-12-10,1161.0,"1,161.00","1,161.00","1,161.00",,3.48%,False
2020-12-11,1211.0,"1,211.00","1,211.00","1,211.00",,4.31%,False
2020-12-14,1235.0,"1,235.00","1,235.00","1,235.00",,1.98%,False
2020-12-15,1273.0,"1,273.00","1,273.00","1,273.00",,3.08%,False
2020-12-16,1296.0,"1,296.00","1,296.00","1,296.00",,1.81%,False
2020-12-17,1301.0,"1,301.00","1,301.00","1,301.00",,0.39%,False
2020-12-18,1325.0,"1,325.00","1,325.00","1,325.00",,1.84%,False
2020-12-21,1323.0,"1,323.00","1,323.00","1,323.00",,-0.15%,False
2020-12-22,1330.0,"1,330.00","1,330.00","1,330.00",,0.53%,False
2020-12-23,1362.0,"1,362.00","1,362.00","1,362.00",,2.41%,False
2020-12-24,1366.0,"1,366.00","1,366.00","1,366.00",,0.29%,False
2021-01-04,1374.0,"1,374.00","1,374.00","1,374.00",,0.59%,False
2021-01-05,1418.0,"1,418.00","1,418.00","1,418.00",,3.20%,False
2021-01-06,1425.0,"1,425.00","1,425.00","1,425.00",,0.49%,False
2021-01-07,1448.0,"1,448.00","1,448.00","1,448.00",,1.61%,False
2021-01-08,1606.0,"1,606.00","1,606.00","1,606.00",,10.91%,True
2021-01-11,1761.0,"1,761.00","1,761.00","1,761.00",,9.65%,True
2021-01-12,1849.0,"1,849.00","1,849.00","1,849.00",,5.00%,True
2021-01-13,1856.0,"1,856.00","1,856.00","1,856.00",,0.38%,False
2021-01-14,1792.0,"1,792.00","1,792.00","1,792.00",,-3.45%,False
2021-01-15,1754.0,"1,754.00","1,754.00","1,754.00",,-2.12%,False
2021-01-18,1740.0,"1,740.00","1,740.00","1,740.00",,-0.80%,False
2021-01-19,1766.0,"1,766.00","1,766.00","1,766.00",,1.49%,False
2021-01-20,1828.0,"1,828.00","1,828.00","1,828.00",,3.51%,False
2021-01-21,1837.0,"1,837.00","1,837.00","1,837.00",,0.49%,False
2021-01-22,1810.0,"1,810.00","1,810.00","1,810.00",,-1.47%,False
2021-01-25,1765.0,"1,765.00","1,765.00","1,765.00",,-2.49%,False
2021-01-26,1659.0,"1,659.00","1,659.00","1,659.00",,-6.01%,False
2021-01-27,1540.0,"1,540.00","1,540.00","1,540.00",,-7.17%,False
2021-01-28,1470.0,"1,470.00","1,470.00","1,470.00",,-4.55%,False
2021-01-29,1452.0,"1,452.00","1,452.00","1,452.00",,-1.22%,False
2021-02-01,1444.0,"1,444.00","1,444.00","1,444.00",,-0.55%,False
2021-02-02,1380.0,"1,380.00","1,380.00","1,380.00",,-4.43%,False
2021-02-03,1327.0,"1,327.00","1,327.00","1,327.00",,-3.84%,False
2021-02-04,1327.0,"1,327.00","1,327.00","1,327.00",,0.00%,False
2021-02-05,1333.0,"1,333.00","1,333.00","1,333.00",,0.45%,False
2021-02-08,1317.0,"1,317.00","1,317.00","1,317.00",,-1.20%,False
2021-02-09,1306.0,"1,306.00","1,306.00","1,306.00",,-0.84%,False
2021-02-10,1303.0,"1,303.00","1,303.00","1,303.00",,-0.23%,False
2021-02-11,1313.0,"1,313.00","1,313.00","1,313.00",,0.77%,False
2021-02-12,1339.0,"1,339.00","1,339.00","1,339.00",,1.98%,False
2021-02-15,1364.0,"1,364.00","1,364.00","1,364.00",,1.87%,False
2021-02-16,1495.0,"1,495.00","1,495.00","1,495.00",,9.60%,False
2021-02-17,1756.0,"1,756.00","1,756.00","1,756.00",,17.46%,False
2021-02-18,1770.0,"1,770.00","1,770.00","1,770.00",,0.80%,False
2021-02-19,1698.0,"1,698.00","1,698.00","1,698.00",,-4.07%,False
2021-02-22,1709.0,"1,709.00","1,709.00","1,709.00",,0.65%,False
2021-02-23,1727.0,"1,727.00","1,727.00","1,727.00",,1.05%,False
2021-02-24,1709.0,"1,709.00","1,709.00","1,709.00",,-1.04%,False
2021-02-25,1700.0,"1,700.00","1,700.00","1,700.00",,-0.53%,False
2021-02-26,1675.0,"1,675.00","1,675.00","1,675.00",,-1.47%,False
2021-03-01,1651.0,"1,651.00","1,651.00","1,651.00",,-1.43%,False
2021-03-02,1673.0,"1,673.00","1,673.00","1,673.00",,1.33%,False
2021-03-03,1763.0,"1,763.00","1,763.00","1,763.00",,5.38%,False
2021-03-04,1779.0,"1,779.00","1,779.00","1,779.00",,0.91%,False
2021-03-05,1829.0,"1,829.00","1,829.00","1,829.00",,2.81%,False
2021-03-08,1853.0,"1,853.00","1,853.00","1,853.00",,1.31%,False
2021-03-09,1901.0,"1,901.00","1,901.00","1,901.00",,2.59%,False
2021-03-10,1980.0,"1,980.00","1,980.00","1,980.00",,4.16%,False
2021-03-11,1970.0,"1,970.00","1,970.00","1,970.00",,-0.51%,False
2021-03-12,1960.0,"1,960.00","1,960.00","1,960.00",,-0.51%,False
2021-03-15,1983.0,"1,983.00","1,983.00","1,983.00",,1.17%,False
2021-03-16,2017.0,"2,017.00","2,017.00","2,017.00",,1.71%,False
2021-03-17,2105.0,"2,105.00","2,105.00","2,105.00",,4.36%,False
2021-03-18,2215.0,"2,215.00","2,215.00","2,215.00",,5.23%,False
2021-03-19,2281.0,"2,281.00","2,281.00","2,281.00",,2.98%,False
2021-03-22,2319.0,"2,319.00","2,319.00","2,319.00",,1.67%,False
2021-03-23,2271.0,"2,271.00","2,271.00","2,271.00",,-2.07%,False
2021-03-24,2194.0,"2,194.00","2,194.00","2,194.00",,-3.39%,False
2021-03-25,2172.0,"2,172.00","2,172.00","2,172.00",,-1.00%,False
2021-03-26,2178.0,"2,178.00","2,178.00","2,178.00",,0.28%,False
2021-03-29,2162.0,"2,162.00","2,162.00","2,162.00",,-0.73%,False
2021-03-30,2103.0,"2,103.00","2,103.00","2,103.00",,-2.73%,False
2021-03-31,2046.0,"2,046.00","2,046.00","2,046.00",,-2.71%,False
2021-04-01,2072.0,"2,072.00","2,072.00","2,072.00",,1.27%,False
2021-04-06,2092.0,"2,092.00","2,092.00","2,092.00",,0.97%,False
2021-04-07,2127.0,"2,127.00","2,127.00","2,127.00",,1.67%,False
2021-04-08,2088.0,"2,088.00","2,088.00","2,088.00",,-1.83%,False
2021-04-09,2085.0,"2,085.00","2,085.00","2,085.00",,-0.14%,False
2021-04-12,2145.0,"2,145.00","2,145.00","2,145.00",,2.88%,False
2021-04-13,2140.0,"2,140.00","2,140.00","2,140.00",,-0.23%,False
2021-04-14,2178.0,"2,178.00","2,178.00","2,178.00",,1.78%,False
2021-04-15,2323.0,"2,323.00","2,323.00","2,323.00",,6.66%,False
2021-04-16,2385.0,"2,385.00","2,385.00","2,385.00",,2.67%,False
2021-04-19,2432.0,"2,432.00","2,432.00","2,432.00",,1.97%,False
2021-04-20,2472.0,"2,472.00","2,472.00","2,472.00",,1.64%,False
2021-04-21,2710.0,"2,710.00","2,710.00","2,710.00",,9.63%,True
2021-04-22,2750.0,"2,750.00","2,750.00","2,750.00",,1.48%,False
2021-04-23,2788.0,"2,788.00","2,788.00","2,788.00",,1.38%,False
2021-04-26,2808.0,"2,808.00","2,808.00","2,808.00",,0.72%,False
2021-04-27,2889.0,"2,889.00","2,889.00","2,889.00",,2.88%,False
2021-04-28,2957.0,"2,957.00","2,957.00","2,957.00",,2.35%,False
2021-04-29,3007.0,"3,007.00","3,007.00","3,007.00",,1.69%,False
2021-04-30,3053.0,"3,053.00","3,053.00","3,053.00",,1.53%,False
2021-05-04,3157.0,"3,157.00","3,157.00","3,157.00",,3.41%,False
2021-05-05,3266.0,"3,266.00","3,266.00","3,266.00",,3.45%,False
2021-05-06,3212.0,"3,212.00","3,212.00","3,212.00",,-1.65%,False
2021-05-07,3183.0,"3,183.00","3,183.00","3,183.00",,-0.90%,False
2021-05-10,3240.0,"3,240.00","3,240.00","3,240.00",,1.79%,False
2021-05-11,3254.0,"3,254.00","3,254.00","3,254.00",,0.43%,False
2021-05-12,3139.0,"3,139.00","3,139.00","3,139.00",,-3.53%,False
2021-05-13,3077.0,"3,077.00","3,077.00","3,077.00",,-1.98%,False
2021-05-14,2939.0,"2,939.00","2,939.00","2,939.00",,-4.48%,False
2021-05-17,2856.0,"2,856.00","2,856.00","2,856.00",,-2.82%,False
2021-05-18,2795.0,"2,795.00","2,795.00","2,795.00",,-2.14%,False
2021-05-19,2801.0,"2,801.00","2,801.00","2,801.00",,0.21%,False
2021-05-20,2824.0,"2,824.00","2,824.00","2,824.00",,0.82%,False
2021-05-21,2869.0,"2,869.00","2,869.00","2,869.00",,1.59%,False
2021-05-24,2881.0,"2,881.00","2,881.00","2,881.00",,0.42%,False
2021-05-25,2809.0,"2,809.00","2,809.00","2,809.00",,-2.50%,False
2021-05-26,2754.0,"2,754.00","2,754.00","2,754.00",,-1.96%,False
2021-05-27,2688.0,"2,688.00","2,688.00","2,688.00",,-2.40%,False
2021-05-28,2596.0,"2,596.00","2,596.00","2,596.00",,-3.42%,False
2021-06-01,2568.0,"2,568.00","2,568.00","2,568.00",,-1.08%,False
2021-06-02,2530.0,"2,530.00","2,530.00","2,530.00",,-1.48%,False
2021-06-03,2472.0,"2,472.00","2,472.00","2,472.00",,-2.29%,False
2021-06-04,2438.0,"2,438.00","2,438.00","2,438.00",,-1.38%,False
2021-06-07,2428.0,"2,428.00","2,428.00","2,428.00",,-0.41%,False
2021-06-08,2420.0,"2,420.00","2,420.00","2,420.00",,-0.33%,False
2021-06-09,2481.0,"2,481.00","2,481.00","2,481.00",,2.52%,False
2021-06-10,2669.0,"2,669.00","2,669.00","2,669.00",,7.58%,False
2021-06-11,2857.0,"2,857.00","2,857.00","2,857.00",,7.04%,False
2021-06-14,2944.0,"2,944.00","2,944.00","2,944.00",,3.05%,False
2021-06-15,3025.0,"3,025.00","3,025.00","3,025.00",,2.75%,False
2021-06-16,3176.0,"3,176.00","3,176.00","3,176.00",,4.99%,False
2021-06-17,3267.0,"3,267.00","3,267.00","3,267.00",,2.87%,False
2021-06-18,3218.0,"3,218.00","3,218.00","3,218.00",,-1.50%,False
2021-06-21,3190.0,"3,190.00","3,190.00","3,190.00",,-0.87%,False
2021-06-22,3119.0,"3,119.00","3,119.00","3,119.00",,-2.23%,False
2021-06-23,3147.0,"3,147.00","3,147.00","3,147.00",,0.90%,False
2021-06-24,3175.0,"3,175.00","3,175.00","3,175.00",,0.89%,False
2021-06-25,3255.0,"3,255.00","3,255.00","3,255.00",,2.52%,False
2021-06-28,3324.0,"3,324.00","3,324.00","3,324.00",,2.12%,False
2021-06-29,3418.0,"3,418.00","3,418.00","3,418.00",,2.83%,False
2021-06-30,3383.0,"3,383.00","3,383.00","3,383.00",,-1.02%,False
2021-07-01,3338.0,"3,338.00","3,338.00","3,338.00",,-1.33%,False
2021-07-02,3285.0,"3,285.00","3,285.00","3,285.00",,-1.59%,False
2021-07-05,3224.0,"3,224.00","3,224.00","3,224.00",,-1.86%,False
2021-07-06,3179.0,"3,179.00","3,179.00","3,179.00",,-1.40%,False
2021-07-07,3241.0,"3,241.00","3,241.00","3,241.00",,1.95%,False
2021-07-08,3281.0,"3,281.00","3,281.00","3,281.00",,1.23%,False
2021-07-09,3300.0,"3,300.00","3,300.00","3,300.00",,0.58%,False
2021-07-12,3300.0,"3,300.00","3,300.00","3,300.00",,0.00%,False
2021-07-13,3228.0,"3,228.00","3,228.00","3,228.00",,-2.18%,False
2021-07-14,3139.0,"3,139.00","3,139.00","3,139.00",,-2.76%,False
2021-07-15,3073.0,"3,073.00","3,073.00","3,073.00",,-2.10%,False
2021-07-16,3039.0,"3,039.00","3,039.00","3,039.00",,-1.11%,False
2021-07-19,3059.0,"3,059.00","3,059.00","3,059.00",,0.66%,False
2021-07-20,3053.0,"3,053.00","3,053.00","3,053.00",,-0.20%,False
2021-07-21,3058.0,"3,058.00","3,058.00","3,058.00",,0.16%,False
2021-07-22,3103.0,"3,103.00","3,103.00","3,103.00",,1.47%,False
2021-07-23,3199.0,"3,199.00","3,199.00","3,199.00",,3.09%,False
2021-07-26,3210.0,"3,210.00","3,210.00","3,210.00",,0.34%,False
2021-07-27,3166.0,"3,166.00","3,166.00","3,166.00",,-1.37%,False
2021-07-28,3154.0,"3,154.00","3,154.00","3,154.00",,-0.38%,False
2021-07-29,3214.0,"3,214.00","3,214.00","3,214.00",,1.90%,False
2021-07-30,3292.0,"3,292.00","3,292.00","3,292.00",,2.43%,False
2021-08-02,3282.0,"3,282.00","3,282.00","3,282.00",,-0.30%,False
2021-08-03,3281.0,"3,281.00","3,281.00","3,281.00",,-0.03%,False
2021-08-04,3318.0,"3,318.00","3,318.00","3,318.00",,1.13%,False
2021-08-05,3376.0,"3,376.00","3,376.00","3,376.00",,1.75%,False
2021-08-06,3371.0,"3,371.00","3,371.00","3,371.00",,-0.15%,False
2021-08-09,3371.0,"3,371.00","3,371.00","3,371.00",,0.00%,False
2021-08-10,3375.0,"3,375.00","3,375.00","3,375.00",,0.12%,False
2021-08-11,3410.0,"3,410.00","3,410.00","3,410.00",,1.04%,False
2021-08-12,3503.0,"3,503.00","3,503.00","3,503.00",,2.73%,False
2021-08-13,3566.0,"3,566.00","3,566.00","3,566.00",,1.80%,False
2021-08-16,3606.0,"3,606.00","3,606.00","3,606.00",,1.12%,False
2021-08-17,3657.0,"3,657.00","3,657.00","3,657.00",,1.41%,False
2021-08-18,3833.0,"3,833.00","3,833.00","3,833.00",,4.81%,False
2021-08-19,3976.0,"3,976.00","3,976.00","3,976.00",,3.73%,False
2021-08-20,4092.0,"4,092.00","4,092.00","4,092.00",,2.92%,False
2021-08-23,4147.0,"4,147.00","4,147.00","4,147.00",,1.34%,False
2021-08-24,4201.0,"4,201.00","4,201.00","4,201.00",,1.30%,False
2021-08-25,4193.0,"4,193.00","4,193.00","4,193.00",,-0.19%,False
2021-08-26,4195.0,"4,195.00","4,195.00","4,195.00",,0.05%,False
2021-08-27,4235.0,"4,235.00","4,235.00","4,235.00",,0.95%,False
2021-08-31,4132.0,"4,132.00","4,132.00","4,132.00",,-2.43%,False
2021-09-01,4013.0,"4,013.00","4,013.00","4,013.00",,-2.88%,False
2021-09-02,4001.0,"4,001.00","4,001.00","4,001.00",,-0.30%,False
2021-09-03,3944.0,"3,944.00","3,944.00","3,944.00",,-1.42%,False
2021-09-06,3822.0,"3,822.00","3,822.00","3,822.00",,-3.09%,False
2021-09-07,3707.0,"3,707.00","3,707.00","3,707.00",,-3.01%,False
2021-09-08,3618.0,"3,618.00","3,618.00","3,618.00",,-2.40%,False
2021-09-09,3643.0,"3,643.00","3,643.00","3,643.00",,0.69%,False
2021-09-10,3864.0,"3,864.00","3,864.00","3,864.00",,6.07%,False
2021-09-13,4163.0,"4,163.00","4,163.00","4,163.00",,7.74%,False
2021-09-14,4221.0,"4,221.00","4,221.00","4,221.00",,1.39%,False
2021-09-15,4233.0,"4,233.00","4,233.00","4,233.00",,0.28%,False
2021-09-16,4215.0,"4,215.00","4,215.00","4,215.00",,-0.43%,False
2021-09-17,4275.0,"4,275.00","4,275.00","4,275.00",,1.42%,False
2021-09-20,4304.0,"4,304.00","4,304.00","4,304.00",,0.68%,False
2021-09-21,4410.0,"4,410.00","4,410.00","4,410.00",,2.46%,False
2021-09-22,4560.0,"4,560.00","4,560.00","4,560.00",,3.40%,False
2021-09-23,4651.0,"4,651.00","4,651.00","4,651.00",,2.00%,False
2021-09-24,4644.0,"4,644.00","4,644.00","4,644.00",,-0.15%,False
2021-09-27,4717.0,"4,717.00","4,717.00","4,717.00",,1.57%,False
2021-09-28,4962.0,"4,962.00","4,962.00","4,962.00",,5.19%,False
2021-09-29,5197.0,"5,197.00","5,197.00","5,197.00",,4.74%,False
2021-09-30,5167.0,"5,167.00","5,167.00","5,167.00",,-0.58%,False
2021-10-01,5202.0,"5,202.00","5,202.00","5,202.00",,0.68%,False
2021-10-04,5267.0,"5,267.00","5,267.00","5,267.00",,1.25%,False
2021-10-05,5409.0,"5,409.00","5,409.00","5,409.00",,2.70%,False
2021-10-06,5647.0,"5,647.00","5,647.00","5,647.00",,4.40%,False
2021-10-07,5650.0,"5,650.00","5,650.00","5,650.00",,0.05%,False
2021-10-08,5526.0,"5,526.00","5,526.00","5,526.00",,-2.19%,False
2021-10-11,5488.0,"5,488.00","5,488.00","5,488.00",,-0.69%,False
2021-10-12,5378.0,"5,378.00","5,378.00","5,378.00",,-2.00%,False
2021-10-13,5206.0,"5,206.00","5,206.00","5,206.00",,-3.20%,False
2021-10-14,5062.0,"5,062.00","5,062.00","5,062.00",,-2.77%,False
2021-10-15,4854.0,"4,854.00","4,854.00","4,854.00",,-4.11%,False
2021-10-18,4732.0,"4,732.00","4,732.00","4,732.00",,-2.51%,False
2021-10-19,4714.0,"4,714.00","4,714.00","4,714.00",,-0.38%,False
2021-10-20,4751.0,"4,751.00","4,751.00","4,751.00",,0.78%,False
2021-10-21,4653.0,"4,653.00","4,653.00","4,653.00",,-2.06%,False
2021-10-22,4410.0,"4,410.00","4,410.00","4,410.00",,-5.22%,False
2021-10-25,4257.0,"4,257.00","4,257.00","4,257.00",,-3.47%,False
2021-10-26,4056.0,"4,056.00","4,056.00","4,056.00",,-4.72%,False
2021-10-27,3808.0,"3,808.00","3,808.00","3,808.00",,-6.11%,False
2021-10-28,3630.0,"3,630.00","3,630.00","3,630.00",,-4.67%,False
2021-10-29,3519.0,"3,519.00","3,519.00","3,519.00",,-3.06%,False
2021-11-01,3428.0,"3,428.00","3,428.00","3,428.00",,-2.59%,False
2021-11-02,3187.0,"3,187.00","3,187.00","3,187.00",,-7.03%,False
2021-11-03,2892.0,"2,892.00","2,892.00","2,892.00",,-9.26%,False
2021-11-04,2769.0,"2,769.00","2,769.00","2,769.00",,-4.25%,False
2021-11-05,2715.0,"2,715.00","2,715.00","2,715.00",,-1.95%,False
2021-11-08,2718.0,"2,718.00","2,718.00","2,718.00",,0.11%,False
2021-11-09,2805.0,"2,805.00","2,805.00","2,805.00",,3.20%,False
2021-11-10,2861.0,"2,861.00","2,861.00","2,861.00",,2.00%,False
2021-11-11,2844.0,"2,844.00","2,844.00","2,844.00",,-0.59%,False
2021-11-12,2807.0,"2,807.00","2,807.00","2,807.00",,-1.30%,False
2021-11-15,2759.0,"2,759.00","2,759.00","2,759.00",,-1.71%,False
2021-11-16,2591.0,"2,591.00","2,591.00","2,591.00",,-6.09%,False
2021-11-17,2430.0,"2,430.00","2,430.00","2,430.00",,-6.21%,False
2021-11-18,2454.0,"2,454.00","2,454.00","2,454.00",,0.99%,False
2021-11-19,2552.0,"2,552.00","2,552.00","2,552.00",,3.99%,False
2021-11-22,2645.0,"2,645.00","2,645.00","2,645.00",,3.64%,False
2021-11-23,2715.0,"2,715.00","2,715.00","2,715.00",,2.65%,False
2021-11-24,2654.0,"2,654.00","2,654.00","2,654.00",,-2.25%,False
2021-11-25,2678.0,"2,678.00","2,678.00","2,678.00",,0.90%,False
2021-11-26,2767.0,"2,767.00","2,767.00","2,767.00",,3.32%,False
2021-11-29,2881.0,"2,881.00","2,881.00","2,881.00",,4.12%,False
2021-11-30,3018.0,"3,018.00","3,018.00","3,018.00",,4.76%,False
2021-12-01,3047.0,"3,047.00","3,047.00","3,047.00",,0.96%,False
2021-12-02,3115.0,"3,115.00","3,115.00","3,115.00",,2.23%,False
2021-12-03,3171.0,"3,171.00","3,171.00","3,171.00",,1.80%,False
2021-12-06,3235.0,"3,235.00","3,235.00","3,235.00",,2.02%,False
2021-12-07,3352.0,"3,352.00","3,352.00","3,352.00",,3.62%,False
2021-12-08,3423.0,"3,423.00","3,423.00","3,423.00",,2.12%,False
2021-12-09,3343.0,"3,343.00","3,343.00","3,343.00",,-2.34%,False
2021-12-10,3272.0,"3,272.00","3,272.00","3,272.00",,-2.12%,False
2021-12-13,3216.0,"3,216.00","3,216.00","3,216.00",,-1.71%,False
2021-12-14,2932.0,"2,932.00","2,932.00","2,932.00",,-8.83%,False
2021-12-15,2665.0,"2,665.00","2,665.00","2,665.00",,-9.11%,False
2021-12-16,2498.0,"2,498.00","2,498.00","2,498.00",,-6.27%,False
2021-12-17,2379.0,"2,379.00","2,379.00","2,379.00",,-4.76%,False
2021-12-20,2371.0,"2,371.00","2,371.00","2,371.00",,-0.34%,False
2021-12-21,2294.0,"2,294.00","2,294.00","2,294.00",,-3.25%,False
2021-12-22,2229.0,"2,229.00","2,229.00","2,229.00",,-2.83%,False
2021-12-23,2219.0,"2,219.00","2,219.00","2,219.00",,-0.45%,False
2021-12-24,2217.0,"2,217.00","2,217.00","2,217.00",,-0.09%,False
2022-01-04,2285.0,"2,285.00","2,285.00","2,285.00",,3.07%,False
2022-01-05,2289.0,"2,289.00","2,289.00","2,289.00",,0.18%,False
2022-01-06,2296.0,"2,296.00","2,296.00","2,296.00",,0.31%,False
2022-01-07,2289.0,"2,289.00","2,289.00","2,289.00",,-0.30%,False
2022-01-10,2277.0,"2,277.00","2,277.00","2,277.00",,-0.52%,False
2022-01-11,2151.0,"2,151.00","2,151.00","2,151.00",,-5.53%,False
2022-01-12,2027.0,"2,027.00","2,027.00","2,027.00",,-5.76%,False
2022-01-13,1873.0,"1,873.00","1,873.00","1,873.00",,-7.60%,False
2022-01-14,1764.0,"1,764.00","1,764.00","1,764.00",,-5.82%,False
2022-01-17,1731.0,"1,731.00","1,731.00","1,731.00",,-1.87%,False
2022-01-18,1644.0,"1,644.00","1,644.00","1,644.00",,-5.03%,False
2022-01-19,1570.0,"1,570.00","1,570.00","1,570.00",,-4.50%,False
2022-01-20,1474.0,"1,474.00","1,474.00","1,474.00",,-6.11%,False
2022-01-21,1415.0,"1,415.00","1,415.00","1,415.00",,-4.00%,False
2022-01-24,1391.0,"1,391.00","1,391.00","1,391.00",,-1.70%,False
2022-01-25,1343.0,"1,343.00","1,343.00","1,343.00",,-3.45%,False
2022-01-26,1296.0,"1,296.00","1,296.00","1,296.00",,-3.50%,False
2022-01-27,1302.0,"1,302.00","1,302.00","1,302.00",,0.46%,False
2022-01-28,1381.0,"1,381.00","1,381.00","1,381.00",,6.07%,False
2022-01-31,1418.0,"1,418.00","1,418.00","1,418.00",,2.68%,False
2022-02-01,1440.0,"1,440.00","1,440.00","1,440.00",,1.55%,False
2022-02-02,1419.0,"1,419.00","1,419.00","1,419.00",,-1.46%,False
2022-02-03,1425.0,"1,425.00","1,425.00","1,425.00",,0.42%,False
2022-02-04,1423.0,"1,423.00","1,423.00","1,423.00",,-0.14%,False
2022-02-07,1422.0,"1,422.00","1,422.00","1,422.00",,-0.07%,False
2022-02-08,1503.0,"1,503.00","1,503.00","1,503.00",,5.70%,False
2022-02-09,1711.0,"1,711.00","1,711.00","1,711.00",,13.84%,False
2022-02-10,1940.0,"1,940.00","1,940.00","1,940.00",,13.38%,False
2022-02-11,1977.0,"1,977.00","1,977.00","1,977.00",,1.91%,False
2022-02-14,1984.0,"1,984.00","1,984.00","1,984.00",,0.35%,False
2022-02-15,1968.0,"1,968.00","1,968.00","1,968.00",,-0.81%,False
2022-02-16,1896.0,"1,896.00","1,896.00","1,896.00",,-3.66%,False
2022-02-17,1886.0,"1,886.00","1,886.00","1,886.00",,-0.53%,False
2022-02-18,1964.0,"1,964.00","1,964.00","1,964.00",,4.14%,False
2022-02-21,2045.0,"2,045.00","2,045.00","2,045.00",,4.12%,False
2022-02-22,2148.0,"2,148.00","2,148.00","2,148.00",,5.04%,False
2022-02-23,2244.0,"2,244.00","2,244.00","2,244.00",,4.47%,False
2022-02-24,2187.0,"2,187.00","2,187.00","2,187.00",,-2.54%,False
2022-02-25,2076.0,"2,076.00","2,076.00","2,076.00",,-5.08%,False
2022-02-28,2040.0,"2,040.00","2,040.00","2,040.00",,-1.73%,False
2022-03-01,2069.0,"2,069.00","2,069.00","2,069.00",,1.42%,False
2022-03-02,2137.0,"2,137.00","2,137.00","2,137.00",,3.29%,False
2022-03-03,2104.0,"2,104.00","2,104.00","2,104.00",,-1.54%,False
2022-03-04,2148.0,"2,148.00","2,148.00","2,148.00",,2.09%,False
2022-03-07,2235.0,"2,235.00","2,235.00","2,235.00",,4.05%,False
2022-03-08,2352.0,"2,352.00","2,352.00","2,352.00",,5.23%,False
2022-03-09,2558.0,"2,558.00","2,558.00","2,558.00",,8.76%,False
2022-03-10,2704.0,"2,704.00","2,704.00","2,704.00",,5.71%,False
2022-03-11,2718.0,"2,718.00","2,718.00","2,718.00",,0.52%,False
2022-03-14,2727.0,"2,727.00","2,727.00","2,727.00",,0.33%,False
2022-03-15,2689.0,"2,689.00","2,689.00","2,689.00",,-1.39%,False
2022-03-16,2591.0,"2,591.00","2,591.00","2,591.00",,-3.64%,False
2022-03-17,2588.0,"2,588.00","2,588.00","2,588.00",,-0.12%,False
2022-03-18,2605.0,"2,605.00","2,605.00","2,605.00",,0.66%,False
2022-03-21,2589.0,"2,589.00","2,589.00","2,589.00",,-0.61%,False
2022-03-22,2546.0,"2,546.00","2,546.00","2,546.00",,-1.66%,False
2022-03-23,2575.0,"2,575.00","2,575.00","2,575.00",,1.14%,False
2022-03-24,2567.0,"2,567.00","2,567.00","2,567.00",,-0.31%,False
2022-03-25,2544.0,"2,544.00","2,544.00","2,544.00",,-0.90%,False
2022-03-28,2484.0,"2,484.00","2,484.00","2,484.00",,-2.36%,False
2022-03-29,2417.0,"2,417.00","2,417.00","2,417.00",,-2.70%,False
2022-03-30,2369.0,"2,369.00","2,369.00","2,369.00",,-1.99%,False
2022-03-31,2358.0,"2,358.00","2,358.00","2,358.00",,-0.46%,False
2022-04-01,2357.0,"2,357.00","2,357.00","2,357.00",,-0.04%,False
2022-04-04,2307.0,"2,307.00","2,307.00","2,307.00",,-2.12%,False
2022-04-05,2213.0,"2,213.00","2,213.00","2,213.00",,-4.07%,False
2022-04-06,2128.0,"2,128.00","2,128.00","2,128.00",,-3.84%,False
2022-04-07,2061.0,"2,061.00","2,061.00","2,061.00",,-3.15%,False
2022-04-08,2055.0,"2,055.00","2,055.00","2,055.00",,-0.29%,False
2022-04-11,2031.0,"2,031.00","2,031.00","2,031.00",,-1.17%,False
2022-04-12,2035.0,"2,035.00","2,035.00","2,035.00",,0.20%,False
2022-04-13,2068.0,"2,068.00","2,068.00","2,068.00",,1.62%,False
2022-04-14,2137.0,"2,137.00","2,137.00","2,137.00",,3.34%,False
2022-04-19,2115.0,"2,115.00","2,115.00","2,115.00",,-1.03%,False
2022-04-20,2142.0,"2,142.00","2,142.00","2,142.00",,1.28%,False
2022-04-21,2239.0,"2,239.00","2,239.00","2,239.00",,4.53%,False
2022-04-22,2307.0,"2,307.00","2,307.00","2,307.00",,3.04%,False
2022-04-25,2356.0,"2,356.00","2,356.00","2,356.00",,2.12%,False
2022-04-26,2404.0,"2,404.00","2,404.00","2,404.00",,2.04%,False
2022-04-27,2425.0,"2,425.00","2,425.00","2,425.00",,0.87%,False
2022-04-28,2403.0,"2,403.00","2,403.00","2,403.00",,-0.91%,False
2022-04-29,2404.0,"2,404.00","2,404.00","2,404.00",,0.04%,False
2022-05-03,2412.0,"2,412.00","2,412.00","2,412.00",,0.33%,False
2022-05-04,2485.0,"2,485.00","2,485.00","2,485.00",,3.03%,False
2022-05-05,2644.0,"2,644.00","2,644.00","2,644.00",,6.40%,False
2022-05-06,2718.0,"2,718.00","2,718.00","2,718.00",,2.80%,False
2022-05-09,2831.0,"2,831.00","2,831.00","2,831.00",,4.16%,False
2022-05-10,2939.0,"2,939.00","2,939.00","2,939.00",,3.81%,False
2022-05-11,3052.0,"3,052.00","3,052.00","3,052.00",,3.84%,False
2022-05-12,3117.0,"3,117.00","3,117.00","3,117.00",,2.13%,False
2022-05-13,3104.0,"3,104.00","3,104.00","3,104.00",,-0.42%,False
2022-05-16,3085.0,"3,085.00","3,085.00","3,085.00",,-0.61%,False
2022-05-17,3095.0,"3,095.00","3,095.00","3,095.00",,0.32%,False
2022-05-18,3189.0,"3,189.00","3,189.00","3,189.00",,3.04%,False
2022-05-19,3289.0,"3,289.00","3,289.00","3,289.00",,3.14%,False
2022-05-20,3344.0,"3,344.00","3,344.00","3,344.00",,1.67%,False
2022-05-23,3369.0,"3,369.00","3,369.00","3,369.00",,0.75%,False
2022-05-24,3253.0,"3,253.00","3,253.00","3,253.00",,-3.44%,False
2022-05-25,3127.0,"3,127.00","3,127.00","3,127.00",,-3.87%,False
2022-05-26,2933.0,"2,933.00","2,933.00","2,933.00",,-6.20%,False
2022-05-27,2681.0,"2,681.00","2,681.00","2,681.00",,-8.59%,False
2022-05-30,2571.0,"2,571.00","2,571.00","2,571.00",,-4.10%,False
2022-05-31,2566.0,"2,566.00","2,566.00","2,566.00",,-0.19%,False
2022-06-01,2633.0,"2,633.00","2,633.00","2,633.00",,2.61%,False
2022-06-06,2560.0,"2,560.00","2,560.00","2,560.00",,-2.77%,False
2022-06-07,2514.0,"2,514.00","2,514.00","2,514.00",,-1.80%,False
2022-06-08,2410.0,"2,410.00","2,410.00","2,410.00",,-4.14%,False
2022-06-09,2342.0,"2,342.00","2,342.00","2,342.00",,-2.82%,False
2022-06-10,2320.0,"2,320.00","2,320.00","2,320.00",,-0.94%,False
2022-06-13,2260.0,"2,260.00","2,260.00","2,260.00",,-2.59%,False
2022-06-14,2284.0,"2,284.00","2,284.00","2,284.00",,1.06%,False
2022-06-15,2387.0,"2,387.00","2,387.00","2,387.00",,4.51%,False
2022-06-16,2462.0,"2,462.00","2,462.00","2,462.00",,3.14%,False
2022-06-17,2578.0,"2,578.00","2,578.00","2,578.00",,4.71%,False
2022-06-20,2596.0,"2,596.00","2,596.00","2,596.00",,0.70%,False
2022-06-21,2484.0,"2,484.00","2,484.00","2,484.00",,-4.31%,False
2022-06-22,2349.0,"2,349.00","2,349.00","2,349.00",,-5.43%,False
2022-06-23,2354.0,"2,354.00","2,354.00","2,354.00",,0.21%,False
2022-06-24,2331.0,"2,331.00","2,331.00","2,331.00",,-0.98%,False
2022-06-27,2295.0,"2,295.00","2,295.00","2,295.00",,-1.54%,False
2022-06-28,2204.0,"2,204.00","2,204.00","2,204.00",,-3.97%,False
2022-06-29,2186.0,"2,186.00","2,186.00","2,186.00",,-0.82%,False
2022-06-30,2240.0,"2,240.00","2,240.00","2,240.00",,2.47%,False
2022-07-01,2214.0,"2,214.00","2,214.00","2,214.00",,-1.16%,False
2022-07-04,2159.0,"2,159.00","2,159.00","2,159.00",,-2.48%,False
2022-07-05,2098.0,"2,098.00","2,098.00","2,098.00",,-2.83%,False
2022-07-06,2043.0,"2,043.00","2,043.00","2,043.00",,-2.62%,False
2022-07-07,2073.0,"2,073.00","2,073.00","2,073.00",,1.47%,False
2022-07-08,2067.0,"2,067.00","2,067.00","2,067.00",,-0.29%,False
2022-07-11,2081.0,"2,081.00","2,081.00","2,081.00",,0.68%,False
2022-07-12,2013.0,"2,013.00","2,013.00","2,013.00",,-3.27%,False
2022-07-13,2002.0,"2,002.00","2,002.00","2,002.00",,-0.55%,False
2022-07-14,2010.0,"2,010.00","2,010.00","2,010.00",,0.40%,False
2022-07-15,2150.0,"2,150.00","2,150.00","2,150.00",,6.97%,False
2022-07-18,2162.0,"2,162.00","2,162.00","2,162.00",,0.56%,False
2022-07-19,2145.0,"2,145.00","2,145.00","2,145.00",,-0.79%,False
2022-07-20,2113.0,"2,113.00","2,113.00","2,113.00",,-1.49%,False
2022-07-21,2118.0,"2,118.00","2,118.00","2,118.00",,0.24%,False
2022-07-22,2146.0,"2,146.00","2,146.00","2,146.00",,1.32%,False
2022-07-25,2114.0,"2,114.00","2,114.00","2,114.00",,-1.49%,False
2022-07-26,2061.0,"2,061.00","2,061.00","2,061.00",,-2.51%,False
2022-07-27,2007.0,"2,007.00","2,007.00","2,007.00",,-2.62%,False
2022-07-28,1945.0,"1,945.00","1,945.00","1,945.00",,-3.09%,False
2022-07-29,1895.0,"1,895.00","1,895.00","1,895.00",,-2.57%,False
2022-08-01,1872.0,"1,872.00","1,872.00","1,872.00",,-1.21%,False
2022-08-02,1817.0,"1,817.00","1,817.00","1,817.00",,-2.94%,False
2022-08-03,1731.0,"1,731.00","1,731.00","1,731.00",,-4.73%,False
2022-08-04,1603.0,"1,603.00","1,603.00","1,603.00",,-7.39%,False
2022-08-05,1560.0,"1,560.00","1,560.00","1,560.00",,-2.68%,False
2022-08-08,1566.0,"1,566.00","1,566.00","1,566.00",,0.38%,False
2022-08-09,1564.0,"1,564.00","1,564.00","1,564.00",,-0.13%,False
2022-08-10,1592.0,"1,592.00","1,592.00","1,592.00",,1.79%,False
2022-08-11,1556.0,"1,556.00","1,556.00","1,556.00",,-2.26%,False
2022-08-12,1477.0,"1,477.00","1,477.00","1,477.00",,-5.08%,False
2022-08-15,1404.0,"1,404.00","1,404.00","1,404.00",,-4.94%,False
2022-08-16,1387.0,"1,387.00","1,387.00","1,387.00",,-1.21%,False
2022-08-17,1394.0,"1,394.00","1,394.00","1,394.00",,0.50%,False
2022-08-18,1320.0,"1,320.00","1,320.00","1,320.00",,-5.31%,False
2022-08-19,1279.0,"1,279.00","1,279.00","1,279.00",,-3.11%,False
2022-08-22,1270.0,"1,270.00","1,270.00","1,270.00",,-0.70%,False
2022-08-23,1271.0,"1,271.00","1,271.00","1,271.00",,0.08%,False
2022-08-24,1213.0,"1,213.00","1,213.00","1,213.00",,-4.56%,False
2022-08-25,1123.0,"1,123.00","1,123.00","1,123.00",,-7.42%,False
2022-08-26,1082.0,"1,082.00","1,082.00","1,082.00",,-3.65%,False
2022-08-30,1017.0,"1,017.00","1,017.00","1,017.00",,-6.01%,False
2022-08-31,965.0,965.00,965.00,965.00,,-5.11%,False
2022-09-01,1002.0,"1,002.00","1,002.00","1,002.00",,3.83%,False
2022-09-02,1086.0,"1,086.00","1,086.00","1,086.00",,8.38%,False
2022-09-05,1133.0,"1,133.00","1,133.00","1,133.00",,4.33%,False
2022-09-06,1114.0,"1,114.00","1,114.00","1,114.00",,-1.68%,False
2022-09-07,1133.0,"1,133.00","1,133.00","1,133.00",,1.71%,False
2022-09-08,1178.0,"1,178.00","1,178.00","1,178.00",,3.97%,False
2022-09-09,1213.0,"1,213.00","1,213.00","1,213.00",,2.97%,False
2022-09-12,1256.0,"1,256.00","1,256.00","1,256.00",,3.54%,False
2022-09-13,1408.0,"1,408.00","1,408.00","1,408.00",,12.10%,False
2022-09-14,1595.0,"1,595.00","1,595.00","1,595.00",,13.28%,False
2022-09-15,1612.0,"1,612.00","1,612.00","1,612.00",,1.07%,False
2022-09-16,1553.0,"1,553.00","1,553.00","1,553.00",,-3.66%,False
2022-09-20,1729.0,"1,729.00","1,729.00","1,729.00",,11.33%,False
2022-09-21,1746.0,"1,746.00","1,746.00","1,746.00",,0.98%,False
2022-09-22,1720.0,"1,720.00","1,720.00","1,720.00",,-1.49%,False
2022-09-23,1816.0,"1,816.00","1,816.00","1,816.00",,5.58%,False
2022-09-26,1813.0,"1,813.00","1,813.00","1,813.00",,-0.17%,False
2022-09-27,1807.0,"1,807.00","1,807.00","1,807.00",,-0.33%,False
2022-09-28,1799.0,"1,799.00","1,799.00","1,799.00",,-0.44%,False
2022-09-29,1757.0,"1,757.00","1,757.00","1,757.00",,-2.33%,False
2022-09-30,1760.0,"1,760.00","1,760.00","1,760.00",,0.17%,False
2022-10-03,1788.0,"1,788.00","1,788.00","1,788.00",,1.59%,False
2022-10-04,1865.0,"1,865.00","1,865.00","1,865.00",,4.31%,False
2022-10-05,1996.0,"1,996.00","1,996.00","1,996.00",,7.02%,False
2022-10-06,1992.0,"1,992.00","1,992.00","1,992.00",,-0.20%,False
2022-10-07,1961.0,"1,961.00","1,961.00","1,961.00",,-1.56%,False
2022-10-10,1944.0,"1,944.00","1,944.00","1,944.00",,-0.87%,False
2022-10-11,1904.0,"1,904.00","1,904.00","1,904.00",,-2.06%,False
2022-10-12,1873.0,"1,873.00","1,873.00","1,873.00",,-1.63%,False
2022-10-13,1818.0,"1,818.00","1,818.00","1,818.00",,-2.94%,False
2022-10-14,1838.0,"1,838.00","1,838.00","1,838.00",,1.10%,False
2022-10-17,1843.0,"1,843.00","1,843.00","1,843.00",,0.27%,False
2022-10-18,1875.0,"1,875.00","1,875.00","1,875.00",,1.74%,False
2022-10-19,1871.0,"1,871.00","1,871.00","1,871.00",,-0.21%,False
2022-10-20,1837.0,"1,837.00","1,837.00","1,837.00",,-1.82%,False
2022-10-21,1819.0,"1,819.00","1,819.00","1,819.00",,-0.98%,False
2022-10-24,1797.0,"1,797.00","1,797.00","1,797.00",,-1.21%,False
2022-10-25,1755.0,"1,755.00","1,755.00","1,755.00",,-2.34%,False
2022-10-26,1706.0,"1,706.00","1,706.00","1,706.00",,-2.79%,False
2022-10-27,1612.0,"1,612.00","1,612.00","1,612.00",,-5.51%,False
2022-10-28,1534.0,"1,534.00","1,534.00","1,534.00",,-4.84%,False
2022-10-31,1463.0,"1,463.00","1,463.00","1,463.00",,-4.63%,False
2022-11-01,1377.0,"1,377.00","1,377.00","1,377.00",,-5.88%,False
2022-11-02,1321.0,"1,321.00","1,321.00","1,321.00",,-4.07%,False
2022-11-03,1290.0,"1,290.00","1,290.00","1,290.00",,-2.35%,False
2022-11-04,1323.0,"1,323.00","1,323.00","1,323.00",,2.56%,False
2022-11-07,1337.0,"1,337.00","1,337.00","1,337.00",,1.06%,False
2022-11-08,1356.0,"1,356.00","1,356.00","1,356.00",,1.42%,False
2022-11-09,1393.0,"1,393.00","1,393.00","1,393.00",,2.73%,False
2022-11-10,1390.0,"1,390.00","1,390.00","1,390.00",,-0.22%,False
2022-11-11,1355.0,"1,355.00","1,355.00","1,355.00",,-2.52%,False
2022-11-14,1325.0,"1,325.00","1,325.00","1,325.00",,-2.21%,False
2022-11-15,1300.0,"1,300.00","1,300.00","1,300.00",,-1.89%,False
2022-11-16,1288.0,"1,288.00","1,288.00","1,288.00",,-0.92%,False
2022-11-17,1228.0,"1,228.00","1,228.00","1,228.00",,-4.66%,False
2022-11-18,1189.0,"1,189.00","1,189.00","1,189.00",,-3.18%,False
2022-11-21,1177.0,"1,177.00","1,177.00","1,177.00",,-1.01%,False
2022-11-22,1149.0,"1,149.00","1,149.00","1,149.00",,-2.38%,False
2022-11-23,1184.0,"1,184.00","1,184.00","1,184.00",,3.05%,False
2022-11-24,1242.0,"1,242.00","1,242.00","1,242.00",,4.90%,False
2022-11-25,1324.0,"1,324.00","1,324.00","1,324.00",,6.60%,False
2022-11-28,1347.0,"1,347.00","1,347.00","1,347.00",,1.74%,False
2022-11-29,1327.0,"1,327.00","1,327.00","1,327.00",,-1.48%,False
2022-11-30,1355.0,"1,355.00","1,355.00","1,355.00",,2.11%,False
2022-12-01,1338.0,"1,338.00","1,338.00","1,338.00",,-1.25%,False
2022-12-02,1324.0,"1,324.00","1,324.00","1,324.00",,-1.05%,False
2022-12-05,1323.0,"1,323.00","1,323.00","1,323.00",,-0.08%,False
2022-12-06,1340.0,"1,340.00","1,340.00","1,340.00",,1.28%,False
2022-12-07,1373.0,"1,373.00","1,373.00","1,373.00",,2.46%,False
2022-12-08,1385.0,"1,385.00","1,385.00","1,385.00",,0.87%,False
2022-12-09,1386.0,0.00,0.00,0.00,,0.07%,False
2022-12-12,1361.0,"1,361.00","1,361.00","1,361.00",,-1.80%,False
2022-12-13,1357.0,"1,357.00","1,357.00","1,357.00",,-0.29%,False
2022-12-14,1401.0,"1,401.00","1,401.00","1,401.00",,3.24%,False
2022-12-15,1528.0,"1,528.00","1,528.00","1,528.00",,9.06%,False
2022-12-16,1560.0,"1,560.00","1,560.00","1,560.00",,2.09%,False
2022-12-19,1548.0,"1,548.00","1,548.00","1,548.00",,-0.77%,False
2022-12-20,1596.0,"1,596.00","1,596.00","1,596.00",,3.10%,False
2022-12-21,1723.0,"1,723.00","1,723.00","1,723.00",,7.96%,False
2022-12-22,1650.0,"1,650.00","1,650.00","1,650.00",,-4.24%,False
2022-12-23,1515.0,"1,515.00","1,515.00","1,515.00",,-8.18%,False
2023-01-03,1250.0,"1,250.00","1,250.00","1,250.00",,-17.49%,False
2023-01-04,1176.0,"1,176.00","1,176.00","1,176.00",,-5.92%,False
2023-01-05,1146.0,"1,146.00","1,146.00","1,146.00",,-2.55%,False
2023-01-06,1130.0,"1,130.00","1,130.00","1,130.00",,-1.40%,False
2023-01-09,1139.0,"1,139.00","1,139.00","1,139.00",,0.80%,False
2023-01-10,1096.0,"1,096.00","1,096.00","1,096.00",,-3.78%,False
2023-01-11,1043.0,"1,043.00","1,043.00","1,043.00",,-4.84%,False
2023-01-12,976.0,976.00,976.00,976.00,,-6.42%,False
2023-01-13,946.0,946.00,946.00,946.00,,-3.07%,False
2023-01-16,946.0,946.00,946.00,946.00,,0.00%,False
2023-01-17,921.0,921.00,921.00,921.00,,-2.64%,False
2023-01-18,874.0,874.00,874.00,874.00,,-5.10%,False
2023-01-19,801.0,801.00,801.00,801.00,,-8.35%,False
2023-01-20,763.0,763.00,763.00,763.00,,-4.74%,False
2023-01-23,740.0,740.00,740.00,740.00,,-3.01%,False
2023-01-24,721.0,721.00,721.00,721.00,,-2.57%,False
2023-01-25,703.0,703.00,703.00,703.00,,-2.50%,False
2023-01-26,677.0,677.00,677.00,677.00,,-3.70%,False
2023-01-27,676.0,676.00,676.00,676.00,,-0.15%,False
2023-01-30,680.0,680.00,680.00,680.00,,0.59%,False
2023-01-31,681.0,681.00,681.00,681.00,,0.15%,False
2023-02-01,668.0,668.00,668.00,668.00,,-1.91%,False
2023-02-02,640.0,640.00,640.00,640.00,,-4.19%,False
2023-02-03,621.0,621.00,621.00,621.00,,-2.97%,False
2023-02-06,608.0,608.00,608.00,608.00,,-2.09%,False
2023-02-07,601.0,601.00,601.00,601.00,,-1.15%,False
2023-02-08,603.0,603.00,603.00,603.00,,0.33%,False
2023-02-09,592.0,592.00,592.00,592.00,,-1.82%,False
2023-02-10,602.0,602.00,602.00,602.00,,1.69%,False
2023-02-13,616.0,616.00,616.00,616.00,,2.33%,False
2023-02-14,563.0,563.00,563.00,563.00,,-8.60%,False
2023-02-15,541.0,541.00,541.00,541.00,,-3.91%,False
2023-02-16,530.0,530.00,530.00,530.00,,-2.03%,False
2023-02-17,538.0,538.00,538.00,538.00,,1.51%,False
2023-02-20,552.0,552.00,552.00,552.00,,2.60%,False
2023-02-21,594.0,594.00,594.00,594.00,,7.61%,False
2023-02-22,674.0,674.00,674.00,674.00,,13.47%,False
2023-02-23,816.0,816.00,816.00,816.00,,21.07%,False
2023-02-24,883.0,883.00,883.00,883.00,,8.21%,False
2023-02-27,935.0,935.00,935.00,935.00,,5.89%,False
2023-02-28,990.0,990.00,990.00,990.00,,5.88%,False
2023-03-01,1099.0,"1,099.00","1,099.00","1,099.00",,11.01%,False
2023-03-02,1145.0,"1,145.00","1,145.00","1,145.00",,4.19%,False
2023-03-03,1211.0,"1,211.00","1,211.00","1,211.00",,5.76%,False
2023-03-06,1258.0,"1,258.00","1,258.00","1,258.00",,3.88%,False
2023-03-07,1298.0,"1,298.00","1,298.00","1,298.00",,3.18%,False
2023-03-08,1327.0,"1,327.00","1,327.00","1,327.00",,2.23%,False
2023-03-09,1379.0,"1,379.00","1,379.00","1,379.00",,3.92%,False
2023-03-10,1424.0,"1,424.00","1,424.00","1,424.00",,3.26%,False
2023-03-13,1465.0,"1,465.00","1,465.00","1,465.00",,2.88%,False
2023-03-14,1587.0,"1,587.00","1,587.00","1,587.00",,8.33%,False
2023-03-15,1603.0,"1,603.00","1,603.00","1,603.00",,1.01%,False
2023-03-16,1560.0,"1,560.00","1,560.00","1,560.00",,-2.68%,False
2023-03-17,1535.0,"1,535.00","1,535.00","1,535.00",,-1.60%,False
2023-03-20,1542.0,"1,542.00","1,542.00","1,542.00",,0.46%,False
2023-03-21,1512.0,"1,512.00","1,512.00","1,512.00",,-1.95%,False
2023-03-22,1456.0,"1,456.00","1,456.00","1,456.00",,-3.70%,False
2023-03-23,1484.0,"1,484.00","1,484.00","1,484.00",,1.92%,False
2023-03-24,1489.0,"1,489.00","1,489.00","1,489.00",,0.34%,False
2023-03-27,1456.0,"1,456.00","1,456.00","1,456.00",,-2.22%,False
2023-03-28,1402.0,"1,402.00","1,402.00","1,402.00",,-3.71%,False
2023-03-29,1407.0,"1,407.00","1,407.00","1,407.00",,0.36%,False
2023-03-30,1403.0,"1,403.00","1,403.00","1,403.00",,-0.28%,False
2023-03-31,1389.0,"1,389.00","1,389.00","1,389.00",,-1.00%,False
2023-04-03,1412.0,"1,412.00","1,412.00","1,412.00",,1.66%,False
2023-04-04,1473.0,"1,473.00","1,473.00","1,473.00",,4.32%,False
2023-04-05,1525.0,"1,525.00","1,525.00","1,525.00",,3.53%,False
2023-04-06,1560.0,"1,560.00","1,560.00","1,560.00",,2.30%,False
2023-04-11,1507.0,"1,507.00","1,507.00","1,507.00",,-3.40%,False
2023-04-12,1463.0,"1,463.00","1,463.00","1,463.00",,-2.92%,False
2023-04-13,1463.0,"1,463.00","1,463.00","1,463.00",,0.00%,False
2023-04-14,1435.0,"1,435.00","1,435.00","1,435.00",,-1.91%,False
2023-04-17,1412.0,"1,412.00","1,412.00","1,412.00",,-1.60%,False
2023-04-18,1368.0,"1,368.00","1,368.00","1,368.00",,-3.12%,False
2023-04-19,1372.0,"1,372.00","1,372.00","1,372.00",,0.29%,False
2023-04-20,1432.0,"1,432.00","1,432.00","1,432.00",,4.37%,False
2023-04-21,1504.0,"1,504.00","1,504.00","1,504.00",,5.03%,False
2023-04-24,1517.0,"1,517.00","1,517.00","1,517.00",,0.86%,False
2023-04-25,1510.0,"1,510.00","1,510.00","1,510.00",,-0.46%,False
2023-04-26,1536.0,"1,536.00","1,536.00","1,536.00",,1.72%,False
2023-04-27,1581.0,"1,581.00","1,581.00","1,581.00",,2.93%,False
2023-04-28,1576.0,"1,576.00","1,576.00","1,576.00",,-0.32%,False
2023-05-02,1552.0,"1,552.00","1,552.00","1,552.00",,-1.52%,False
2023-05-03,1558.0,"1,558.00","1,558.00","1,558.00",,0.39%,False
2023-05-04,1545.0,"1,545.00","1,545.00","1,545.00",,-0.83%,False
2023-05-05,1558.0,"1,558.00","1,558.00","1,558.00",,0.84%,False
2023-05-09,1598.0,"1,598.00","1,598.00","1,598.00",,2.57%,False
2023-05-10,1640.0,"1,640.00","1,640.00","1,640.00",,2.63%,False
2023-05-11,1608.0,"1,608.00","1,608.00","1,608.00",,-1.95%,False
2023-05-12,1558.0,"1,558.00","1,558.00","1,558.00",,-3.11%,False
2023-05-15,1522.0,"1,522.00","1,522.00","1,522.00",,-2.31%,False
2023-05-16,1476.0,"1,476.00","1,476.00","1,476.00",,-3.02%,False
2023-05-17,1425.0,"1,425.00","1,425.00","1,425.00",,-3.46%,False
2023-05-18,1402.0,"1,402.00","1,402.00","1,402.00",,-1.61%,False
2023-05-19,1384.0,"1,384.00","1,384.00","1,384.00",,-1.28%,False
2023-05-22,1365.0,"1,365.00","1,365.00","1,365.00",,-1.37%,False
2023-05-23,1348.0,"1,348.00","1,348.00","1,348.00",,-1.25%,False
2023-05-24,1295.0,"1,295.00","1,295.00","1,295.00",,-3.93%,False
2023-05-25,1215.0,"1,215.00","1,215.00","1,215.00",,-6.18%,False
2023-05-26,1172.0,"1,172.00","1,172.00","1,172.00",,-3.54%,False
2023-05-30,1123.0,"1,123.00","1,123.00","1,123.00",,-4.18%,False
2023-05-31,977.0,977.00,977.00,977.00,,-13.00%,False
2023-06-01,937.0,937.00,937.00,937.00,,-4.09%,False
2023-06-02,919.0,919.00,919.00,919.00,,-1.92%,False
2023-06-05,939.0,939.00,939.00,939.00,,2.18%,False
2023-06-06,1016.0,"1,016.00","1,016.00","1,016.00",,8.20%,False
2023-06-07,1020.0,"1,020.00","1,020.00","1,020.00",,0.39%,False
2023-06-08,1040.0,"1,040.00","1,040.00","1,040.00",,1.96%,False
2023-06-09,1055.0,"1,055.00","1,055.00","1,055.00",,1.44%,False
2023-06-12,1056.0,"1,056.00","1,056.00","1,056.00",,0.09%,False
2023-06-13,1074.0,"1,074.00","1,074.00","1,074.00",,1.70%,False
2023-06-14,1079.0,"1,079.00","1,079.00","1,079.00",,0.47%,False
2023-06-15,1094.0,"1,094.00","1,094.00","1,094.00",,1.39%,False
2023-06-16,1076.0,"1,076.00","1,076.00","1,076.00",,-1.65%,False
2023-06-19,1065.0,"1,065.00","1,065.00","1,065.00",,-1.02%,False
2023-06-20,1078.0,"1,078.00","1,078.00","1,078.00",,1.22%,False
2023-06-21,1138.0,"1,138.00","1,138.00","1,138.00",,5.57%,False
2023-06-22,1216.0,"1,216.00","1,216.00","1,216.00",,6.85%,False
2023-06-23,1240.0,"1,240.00","1,240.00","1,240.00",,1.97%,False
2023-06-26,1233.0,"1,233.00","1,233.00","1,233.00",,-0.56%,False
2023-06-27,1183.0,"1,183.00","1,183.00","1,183.00",,-4.06%,False
2023-06-28,1138.0,"1,138.00","1,138.00","1,138.00",,-3.80%,False
2023-06-29,1112.0,"1,112.00","1,112.00","1,112.00",,-2.28%,False
2023-06-30,1091.0,"1,091.00","1,091.00","1,091.00",,-1.89%,False
2023-07-03,1068.0,"1,068.00","1,068.00","1,068.00",,-2.11%,False
2023-07-04,1044.0,"1,044.00","1,044.00","1,044.00",,-2.25%,False
2023-07-05,994.0,994.00,994.00,994.00,,-4.79%,False
2023-07-06,993.0,993.00,993.00,993.00,,-0.10%,False
2023-07-07,1009.0,"1,009.00","1,009.00","1,009.00",,1.61%,False
2023-07-10,1024.0,"1,024.00","1,024.00","1,024.00",,1.49%,False
2023-07-11,1032.0,"1,032.00","1,032.00","1,032.00",,0.78%,False
2023-07-12,1088.0,"1,088.00","1,088.00","1,088.00",,5.43%,False
2023-07-13,1103.0,"1,103.00","1,103.00","1,103.00",,1.38%,False
2023-07-14,1090.0,"1,090.00","1,090.00","1,090.00",,-1.18%,False
2023-07-17,1073.0,"1,073.00","1,073.00","1,073.00",,-1.56%,False
2023-07-18,1037.0,"1,037.00","1,037.00","1,037.00",,-3.36%,False
2023-07-19,1004.0,"1,004.00","1,004.00","1,004.00",,-3.18%,False
2023-07-20,977.0,977.00,977.00,977.00,,-2.69%,False
2023-07-21,978.0,978.00,978.00,978.00,,0.10%,False
2023-07-24,967.0,967.00,967.00,967.00,,-1.12%,False
2023-07-25,962.0,962.00,962.00,962.00,,-0.52%,False
2023-07-26,1067.0,"1,067.00","1,067.00","1,067.00",,10.91%,False
2023-07-27,1097.0,"1,097.00","1,097.00","1,097.00",,2.81%,False
2023-07-28,1110.0,"1,110.00","1,110.00","1,110.00",,1.19%,False
2023-07-31,1127.0,"1,127.00","1,127.00","1,127.00",,1.53%,False
2023-08-01,1150.0,"1,150.00","1,150.00","1,150.00",,2.04%,False
2023-08-02,1123.0,"1,123.00","1,123.00","1,123.00",,-2.35%,False
2023-08-03,1128.0,"1,128.00","1,128.00","1,128.00",,0.45%,False
2023-08-04,1136.0,"1,136.00","1,136.00","1,136.00",,0.71%,False
2023-08-07,1145.0,"1,145.00","1,145.00","1,145.00",,0.79%,False
2023-08-08,1142.0,"1,142.00","1,142.00","1,142.00",,-0.26%,False
2023-08-09,1144.0,"1,144.00","1,144.00","1,144.00",,0.18%,False
2023-08-10,1137.0,"1,137.00","1,137.00","1,137.00",,-0.61%,False
2023-08-11,1129.0,"1,129.00","1,129.00","1,129.00",,-0.70%,False
2023-08-14,1135.0,"1,135.00","1,135.00","1,135.00",,0.53%,False
2023-08-15,1166.0,"1,166.00","1,166.00","1,166.00",,2.73%,False
2023-08-16,1233.0,"1,233.00","1,233.00","1,233.00",,5.75%,False
2023-08-17,1247.0,"1,247.00","1,247.00","1,247.00",,1.14%,False
2023-08-18,1237.0,"1,237.00","1,237.00","1,237.00",,-0.80%,False
2023-08-21,1223.0,"1,223.00","1,223.00","1,223.00",,-1.13%,False
2023-08-22,1194.0,"1,194.00","1,194.00","1,194.00",,-2.37%,False
2023-08-23,1151.0,"1,151.00","1,151.00","1,151.00",,-3.60%,False
2023-08-24,1110.0,"1,110.00","1,110.00","1,110.00",,-3.56%,False
2023-08-25,1080.0,"1,080.00","1,080.00","1,080.00",,-2.70%,False
2023-08-29,1107.0,"1,107.00","1,107.00","1,107.00",,2.50%,False
2023-08-30,1094.0,"1,094.00","1,094.00","1,094.00",,-1.17%,False
2023-08-31,1086.0,"1,086.00","1,086.00","1,086.00",,-0.73%,False
2023-09-01,1065.0,"1,065.00","1,065.00","1,065.00",,-1.93%,False
2023-09-04,1083.0,"1,083.00","1,083.00","1,083.00",,1.69%,False
2023-09-05,1063.0,"1,063.00","1,063.00","1,063.00",,-1.85%,False
2023-09-06,1081.0,"1,081.00","1,081.00","1,081.00",,1.69%,False
2023-09-07,1141.0,"1,141.00","1,141.00","1,141.00",,5.55%,False
2023-09-08,1186.0,"1,186.00","1,186.00","1,186.00",,3.94%,False
2023-09-11,1209.0,"1,209.00","1,209.00","1,209.00",,1.94%,False
2023-09-12,1235.0,"1,235.00","1,235.00","1,235.00",,2.15%,False
2023-09-13,1290.0,"1,290.00","1,290.00","1,290.00",,4.45%,False
2023-09-14,1340.0,"1,340.00","1,340.00","1,340.00",,3.88%,False
2023-09-15,1381.0,"1,381.00","1,381.00","1,381.00",,3.06%,False
2023-09-18,1439.0,"1,439.00","1,439.00","1,439.00",,4.20%,False
2023-09-19,1526.0,"1,526.00","1,526.00","1,526.00",,6.05%,False
2023-09-20,1584.0,"1,584.00","1,584.00","1,584.00",,3.80%,False
2023-09-21,1569.0,"1,569.00","1,569.00","1,569.00",,-0.95%,False
2023-09-22,1593.0,"1,593.00","1,593.00","1,593.00",,1.53%,False
2023-09-25,1614.0,"1,614.00","1,614.00","1,614.00",,1.32%,False
2023-09-26,1694.0,"1,694.00","1,694.00","1,694.00",,4.96%,False
2023-09-27,1752.0,"1,752.00","1,752.00","1,752.00",,3.42%,False
2023-09-28,1716.0,"1,716.00","1,716.00","1,716.00",,-2.05%,False
2023-09-29,1701.0,"1,701.00","1,701.00","1,701.00",,-0.87%,False
2023-10-02,1737.0,"1,737.00","1,737.00","1,737.00",,2.12%,False
2023-10-03,1780.0,"1,780.00","1,780.00","1,780.00",,2.48%,False
2023-10-04,1778.0,"1,778.00","1,778.00","1,778.00",,-0.11%,False
2023-10-05,1827.0,"1,827.00","1,827.00","1,827.00",,2.76%,False
2023-10-06,1929.0,"1,929.00","1,929.00","1,929.00",,5.58%,False
2023-10-09,1991.0,"1,991.00","1,991.00","1,991.00",,3.21%,False
2023-10-10,1983.0,"1,983.00","1,983.00","1,983.00",,-0.40%,False
2023-10-11,1948.0,"1,948.00","1,948.00","1,948.00",,-1.77%,False
2023-10-12,1935.0,"1,935.00","1,935.00","1,935.00",,-0.67%,False
2023-10-13,1945.0,"1,945.00","1,945.00","1,945.00",,0.52%,False
2023-10-16,1972.0,"1,972.00","1,972.00","1,972.00",,1.39%,False
2023-10-17,2058.0,"2,058.00","2,058.00","2,058.00",,4.36%,False
2023-10-18,2105.0,"2,105.00","2,105.00","2,105.00",,2.28%,False
2023-10-19,2071.0,"2,071.00","2,071.00","2,071.00",,-1.62%,False
2023-10-20,2046.0,"2,046.00","2,046.00","2,046.00",,-1.21%,False
2023-10-23,2017.0,"2,017.00","2,017.00","2,017.00",,-1.42%,False
2023-10-24,1949.0,"1,949.00","1,949.00","1,949.00",,-3.37%,False
2023-10-25,1832.0,"1,832.00","1,832.00","1,832.00",,-6.00%,False
2023-10-26,1662.0,"1,662.00","1,662.00","1,662.00",,-9.28%,False
2023-10-27,1563.0,"1,563.00","1,563.00","1,563.00",,-5.96%,False
2023-10-30,1502.0,"1,502.00","1,502.00","1,502.00",,-3.90%,False
2023-10-31,1459.0,"1,459.00","1,459.00","1,459.00",,-2.86%,False
2023-11-01,1401.0,"1,401.00","1,401.00","1,401.00",,-3.98%,False
2023-11-02,1385.0,"1,385.00","1,385.00","1,385.00",,-1.14%,False
2023-11-03,1462.0,"1,462.00","1,462.00","1,462.00",,5.56%,False
2023-11-06,1523.0,"1,523.00","1,523.00","1,523.00",,4.17%,False
2023-11-07,1559.0,"1,559.00","1,559.00","1,559.00",,2.36%,False
2023-11-08,1530.0,"1,530.00","1,530.00","1,530.00",,-1.86%,False
2023-11-09,1598.0,"1,598.00","1,598.00","1,598.00",,4.44%,False
2023-11-10,1643.0,"1,643.00","1,643.00","1,643.00",,2.82%,False
2023-11-13,1655.0,"1,655.00","1,655.00","1,655.00",,0.73%,False
2023-11-14,1662.0,"1,662.00","1,662.00","1,662.00",,0.42%,False
2023-11-15,1688.0,"1,688.00","1,688.00","1,688.00",,1.56%,False
2023-11-16,1758.0,"1,758.00","1,758.00","1,758.00",,4.15%,False
2023-11-17,1820.0,"1,820.00","1,820.00","1,820.00",,3.53%,False
2023-11-20,1817.0,"1,817.00","1,817.00","1,817.00",,-0.16%,False
2023-11-21,1796.0,"1,796.00","1,796.00","1,796.00",,-1.16%,False
2023-11-22,1755.0,"1,755.00","1,755.00","1,755.00",,-2.28%,False
2023-11-23,1855.0,"1,855.00","1,855.00","1,855.00",,5.70%,False
2023-11-24,2102.0,"2,102.00","2,102.00","2,102.00",,13.32%,False
2023-11-27,2259.0,"2,259.00","2,259.00","2,259.00",,7.47%,False
2023-11-28,2391.0,"2,391.00","2,391.00","2,391.00",,5.84%,False
2023-11-29,2696.0,"2,696.00","2,696.00","2,696.00",,12.76%,False
2023-11-30,2937.0,"2,937.00","2,937.00","2,937.00",,8.94%,True
2023-12-01,3192.0,"3,192.00","3,192.00","3,192.00",,8.68%,True
2023-12-04,3346.0,"3,346.00","3,346.00","3,346.00",,4.82%,False
2023-12-05,3143.0,"3,143.00","3,143.00","3,143.00",,-6.07%,False
2023-12-06,2848.0,"2,848.00","2,848.00","2,848.00",,-9.39%,False
2023-12-07,2495.0,"2,495.00","2,495.00","2,495.00",,-12.39%,False
2023-12-08,2483.0,"2,483.00","2,483.00","2,483.00",,-0.48%,False
2023-12-11,2509.0,"2,509.00","2,509.00","2,509.00",,1.05%,False
2023-12-12,2551.0,"2,551.00","2,551.00","2,551.00",,1.67%,False
2023-12-13,2438.0,"2,438.00","2,438.00","2,438.00",,-4.43%,False
2023-12-14,2411.0,"2,411.00","2,411.00","2,411.00",,-1.11%,False
2023-12-15,2348.0,"2,348.00","2,348.00","2,348.00",,-2.61%,False
2023-12-18,2288.0,"2,288.00","2,288.00","2,288.00",,-2.56%,False
2023-12-19,2219.0,"2,219.00","2,219.00","2,219.00",,-3.02%,False
2023-12-20,2150.0,"2,150.00","2,150.00","2,150.00",,-3.11%,False
2023-12-21,2087.0,"2,087.00","2,087.00","2,087.00",,-2.93%,False
2023-12-22,2094.0,"2,094.00","2,094.00","2,094.00",,0.34%,False
2024-01-02,2093.0,"2,093.00","2,093.00","2,093.00",,-0.05%,False
2024-01-03,2091.0,"2,091.00","2,091.00","2,091.00",,-0.10%,False
2024-01-04,2086.0,"2,086.00","2,086.00","2,086.00",,-0.24%,False
2024-01-05,2110.0,"2,110.00","2,110.00","2,110.00",,1.15%,False
2024-01-08,2022.0,"2,022.00","2,022.00","2,022.00",,-4.17%,False
2024-01-09,1875.0,"1,875.00","1,875.00","1,875.00",,-7.27%,False
2024-01-10,1664.0,"1,664.00","1,664.00","1,664.00",,-11.25%,False
2024-01-11,1554.0,"1,554.00","1,554.00","1,554.00",,-6.61%,False
2024-01-12,1460.0,"1,460.00","1,460.00","1,460.00",,-6.05%,False
2024-01-15,1360.0,"1,360.00","1,360.00","1,360.00",,-6.85%,False
2024-01-16,1324.0,"1,324.00","1,324.00","1,324.00",,-2.65%,False
2024-01-17,1308.0,"1,308.00","1,308.00","1,308.00",,-1.21%,False
2024-01-18,1357.0,"1,357.00","1,357.00","1,357.00",,3.75%,False
2024-01-19,1503.0,"1,503.00","1,503.00","1,503.00",,10.76%,False
2024-01-22,1518.0,"1,518.00","1,518.00","1,518.00",,1.00%,False
2024-01-23,1473.0,"1,473.00","1,473.00","1,473.00",,-2.96%,False
2024-01-24,1507.0,"1,507.00","1,507.00","1,507.00",,2.31%,False
2024-01-25,1499.0,"1,499.00","1,499.00","1,499.00",,-0.53%,False
2024-01-26,1518.0,"1,518.00","1,518.00","1,518.00",,1.27%,False
2024-01-29,1460.0,"1,460.00","1,460.00","1,460.00",,-3.82%,False
2024-01-30,1397.0,"1,397.00","1,397.00","1,397.00",,-4.32%,False
2024-01-31,1398.0,"1,398.00","1,398.00","1,398.00",,0.07%,False
2024-02-01,1388.0,"1,388.00","1,388.00","1,388.00",,-0.72%,False
2024-02-02,1407.0,"1,407.00","1,407.00","1,407.00",,1.37%,False
2024-02-05,1436.0,"1,436.00","1,436.00","1,436.00",,2.06%,False
2024-02-06,1516.0,"1,516.00","1,516.00","1,516.00",,5.57%,False
2024-02-07,1487.0,"1,487.00","1,487.00","1,487.00",,-1.91%,False
2024-02-08,1473.0,"1,473.00","1,473.00","1,473.00",,-0.94%,False
2024-02-09,1545.0,"1,545.00","1,545.00","1,545.00",,4.89%,False
2024-02-12,1572.0,"1,572.00","1,572.00","1,572.00",,1.75%,False
2024-02-13,1585.0,"1,585.00","1,585.00","1,585.00",,0.83%,False
2024-02-14,1582.0,"1,582.00","1,582.00","1,582.00",,-0.19%,False
2024-02-15,1581.0,"1,581.00","1,581.00","1,581.00",,-0.06%,False
2024-02-16,1610.0,"1,610.00","1,610.00","1,610.00",,1.83%,False
2024-02-19,1629.0,"1,629.00","1,629.00","1,629.00",,1.18%,False
2024-02-20,1632.0,"1,632.00","1,632.00","1,632.00",,0.18%,False
2024-02-21,1676.0,"1,676.00","1,676.00","1,676.00",,2.70%,False
2024-02-22,1752.0,"1,752.00","1,752.00","1,752.00",,4.53%,False
2024-02-23,1866.0,"1,866.00","1,866.00","1,866.00",,6.51%,False
2024-02-26,1871.0,"1,871.00","1,871.00","1,871.00",,0.27%,False
2024-02-27,1899.0,"1,899.00","1,899.00","1,899.00",,1.50%,False
2024-02-28,2041.0,"2,041.00","2,041.00","2,041.00",,7.48%,False
2024-02-29,2111.0,"2,111.00","2,111.00","2,111.00",,3.43%,False
2024-03-01,2203.0,"2,203.00","2,203.00","2,203.00",,4.36%,False
2024-03-04,2297.0,"2,297.00","2,297.00","2,297.00",,4.27%,False
2024-03-05,2291.0,"2,291.00","2,291.00","2,291.00",,-0.26%,False
2024-03-06,2176.0,"2,176.00","2,176.00","2,176.00",,-5.02%,False
2024-03-07,2251.0,"2,251.00","2,251.00","2,251.00",,3.45%,False
2024-03-08,2345.0,"2,345.00","2,345.00","2,345.00",,4.18%,False
2024-03-11,2377.0,"2,377.00","2,377.00","2,377.00",,1.36%,False
2024-03-12,2315.0,"2,315.00","2,315.00","2,315.00",,-2.61%,False
2024-03-13,2370.0,"2,370.00","2,370.00","2,370.00",,2.38%,False
2024-03-14,2350.0,"2,350.00","2,350.00","2,350.00",,-0.84%,False
2024-03-15,2374.0,"2,374.00","2,374.00","2,374.00",,1.02%,False
2024-03-18,2419.0,"2,419.00","2,419.00","2,419.00",,1.90%,False
2024-03-19,2392.0,"2,392.00","2,392.00","2,392.00",,-1.12%,False
2024-03-20,2284.0,"2,284.00","2,284.00","2,284.00",,-4.52%,False
2024-03-21,2240.0,"2,240.00","2,240.00","2,240.00",,-1.93%,False
2024-03-22,2196.0,"2,196.00","2,196.00","2,196.00",,-1.96%,False
2024-03-25,2123.0,"2,123.00","2,123.00","2,123.00",,-3.32%,False
2024-03-26,1989.0,"1,989.00","1,989.00","1,989.00",,-6.31%,False
2024-03-27,1845.0,"1,845.00","1,845.00","1,845.00",,-7.24%,False
2024-03-28,1821.0,"1,821.00","1,821.00","1,821.00",,-1.30%,False
2024-04-02,1714.0,"1,714.00","1,714.00","1,714.00",,-5.88%,False
2024-04-03,1711.0,"1,711.00","1,711.00","1,711.00",,-0.18%,False
2024-04-04,1669.0,"1,669.00","1,669.00","1,669.00",,-2.45%,False
2024-04-05,1628.0,"1,628.00","1,628.00","1,628.00",,-2.46%,False
2024-04-08,1594.0,"1,594.00","1,594.00","1,594.00",,-2.09%,False
2024-04-09,1570.0,"1,570.00","1,570.00","1,570.00",,-1.51%,False
2024-04-10,1587.0,"1,587.00","1,587.00","1,587.00",,1.08%,False
2024-04-11,1690.0,"1,690.00","1,690.00","1,690.00",,6.49%,False
2024-04-12,1729.0,"1,729.00","1,729.00","1,729.00",,2.31%,False
2024-04-15,1730.0,"1,730.00","1,730.00","1,730.00",,0.06%,False
2024-04-16,1779.0,"1,779.00","1,779.00","1,779.00",,2.83%,False
2024-04-17,1844.0,"1,844.00","1,844.00","1,844.00",,3.65%,False
2024-04-18,1901.0,"1,901.00","1,901.00","1,901.00",,3.09%,False
2024-04-19,1919.0,"1,919.00","1,919.00","1,919.00",,0.95%,False
2024-04-22,1882.0,"1,882.00","1,882.00","1,882.00",,-1.93%,False
2024-04-23,1804.0,"1,804.00","1,804.00","1,804.00",,-4.14%,False
2024-04-24,1774.0,"1,774.00","1,774.00","1,774.00",,-1.66%,False
2024-04-25,1743.0,"1,743.00","1,743.00","1,743.00",,-1.75%,False
2024-04-26,1721.0,"1,721.00","1,721.00","1,721.00",,-1.26%,False
2024-04-29,1684.0,"1,684.00","1,684.00","1,684.00",,-2.15%,False
2024-04-30,1685.0,"1,685.00","1,685.00","1,685.00",,0.06%,False
2024-05-01,1688.0,"1,688.00","1,688.00","1,688.00",,0.18%,False
2024-05-02,1774.0,"1,774.00","1,774.00","1,774.00",,5.09%,False
2024-05-03,1876.0,"1,876.00","1,876.00","1,876.00",,5.75%,False
2024-05-07,2083.0,"2,083.00","2,083.00","2,083.00",,11.03%,False
2024-05-08,2203.0,"2,203.00","2,203.00","2,203.00",,5.76%,False
2024-05-09,2166.0,"2,166.00","2,166.00","2,166.00",,-1.68%,False
2024-05-10,2129.0,"2,129.00","2,129.00","2,129.00",,-1.71%,False
2024-05-13,2066.0,"2,066.00","2,066.00","2,066.00",,-2.96%,False
2024-05-14,1993.0,"1,993.00","1,993.00","1,993.00",,-3.53%,False
2024-05-15,1889.0,"1,889.00","1,889.00","1,889.00",,-5.22%,False
2024-05-16,1817.0,"1,817.00","1,817.00","1,817.00",,-3.81%,False
2024-05-17,1844.0,"1,844.00","1,844.00","1,844.00",,1.49%,False
2024-05-20,1847.0,"1,847.00","1,847.00","1,847.00",,0.16%,False
2024-05-21,1829.0,"1,829.00","1,829.00","1,829.00",,-0.97%,False
2024-05-22,1804.0,"1,804.00","1,804.00","1,804.00",,-1.37%,False
2024-05-23,1796.0,"1,796.00","1,796.00","1,796.00",,-0.44%,False
2024-05-24,1797.0,"1,797.00","1,797.00","1,797.00",,0.06%,False
2024-05-28,1784.0,"1,784.00","1,784.00","1,784.00",,-0.72%,False
2024-05-29,1790.0,"1,790.00","1,790.00","1,790.00",,0.34%,False
2024-05-30,1801.0,"1,801.00","1,801.00","1,801.00",,0.61%,False
2024-05-31,1815.0,"1,815.00","1,815.00","1,815.00",,0.78%,False
2024-06-03,1808.0,"1,808.00","1,808.00","1,808.00",,-0.39%,False
2024-06-04,1813.0,"1,813.00","1,813.00","1,813.00",,0.28%,False
2024-06-05,1852.0,"1,852.00","1,852.00","1,852.00",,2.15%,False
2024-06-06,1869.0,"1,869.00","1,869.00","1,869.00",,0.92%,False
2024-06-07,1881.0,"1,881.00","1,881.00","1,881.00",,0.64%,False
2024-06-10,1883.0,"1,883.00","1,883.00","1,883.00",,0.11%,False
2024-06-11,1831.0,"1,831.00","1,831.00","1,831.00",,-2.76%,False
2024-06-12,1836.0,"1,836.00","1,836.00","1,836.00",,0.27%,False
2024-06-13,1942.0,"1,942.00","1,942.00","1,942.00",,5.77%,False
2024-06-14,1948.0,"1,948.00","1,948.00","1,948.00",,0.31%,False
2024-06-17,1948.0,"1,948.00","1,948.00","1,948.00",,0.00%,False
2024-06-18,1961.0,"1,961.00","1,961.00","1,961.00",,0.67%,False
2024-06-19,1943.0,"1,943.00","1,943.00","1,943.00",,-0.92%,False
2024-06-20,1984.0,"1,984.00","1,984.00","1,984.00",,2.11%,False
2024-06-21,1997.0,"1,997.00","1,997.00","1,997.00",,0.66%,False
2024-06-24,1973.0,"1,973.00","1,973.00","1,973.00",,-1.20%,False
2024-06-25,1926.0,"1,926.00","1,926.00","1,926.00",,-2.38%,False
2024-06-26,1964.0,"1,964.00","1,964.00","1,964.00",,1.97%,False
2024-06-27,2031.0,"2,031.00","2,031.00","2,031.00",,3.41%,False
2024-06-28,2050.0,"2,050.00","2,050.00","2,050.00",,0.94%,False
2024-07-01,2158.0,"2,158.00","2,158.00","2,158.00",,5.27%,False
2024-07-02,2179.0,"2,179.00","2,179.00","2,179.00",,0.97%,False
2024-07-03,2064.0,"2,064.00","2,064.00","2,064.00",,-5.28%,False
2024-07-04,2021.0,"2,021.00","2,021.00","2,021.00",,-2.08%,False
2024-07-05,1966.0,"1,966.00","1,966.00","1,966.00",,-2.72%,False
2024-07-08,1940.0,"1,940.00","1,940.00","1,940.00",,-1.32%,False
2024-07-09,1894.0,"1,894.00","1,894.00","1,894.00",,-2.37%,False
2024-07-10,1939.0,"1,939.00","1,939.00","1,939.00",,2.38%,False
2024-07-11,1947.0,"1,947.00","1,947.00","1,947.00",,0.41%,False
2024-07-12,1997.0,"1,997.00","1,997.00","1,997.00",,2.57%,False
2024-07-15,1993.0,"1,993.00","1,993.00","1,993.00",,-0.20%,False
2024-07-16,1942.0,"1,942.00","1,942.00","1,942.00",,-2.56%,False
2024-07-17,1890.0,"1,890.00","1,890.00","1,890.00",,-2.68%,False
2024-07-18,1912.0,"1,912.00","1,912.00","1,912.00",,1.16%,False
2024-07-19,1902.0,"1,902.00","1,902.00","1,902.00",,-0.52%,False
2024-07-22,1896.0,"1,896.00","1,896.00","1,896.00",,-0.32%,False
2024-07-23,1869.0,"1,869.00","1,869.00","1,869.00",,-1.42%,False
2024-07-24,1864.0,"1,864.00","1,864.00","1,864.00",,-0.27%,False
2024-07-25,1834.0,"1,834.00","1,834.00","1,834.00",,-1.61%,False
2024-07-26,1808.0,"1,808.00","1,808.00","1,808.00",,-1.42%,False
2024-07-29,1797.0,"1,797.00","1,797.00","1,797.00",,-0.61%,False
2024-07-30,1762.0,"1,762.00","1,762.00","1,762.00",,-1.95%,False
2024-07-31,1708.0,"1,708.00","1,708.00","1,708.00",,-3.06%,False
2024-08-01,1668.0,"1,668.00","1,668.00","1,668.00",,-2.34%,False
2024-08-02,1675.0,"1,675.00","1,675.00","1,675.00",,0.42%,False
2024-08-05,1677.0,"1,677.00","1,677.00","1,677.00",,0.12%,False
2024-08-06,1685.0,"1,685.00","1,685.00","1,685.00",,0.48%,False
2024-08-07,1698.0,"1,698.00","1,698.00","1,698.00",,0.77%,False
2024-08-08,1683.0,"1,683.00","1,683.00","1,683.00",,-0.88%,False
2024-08-09,1670.0,"1,670.00","1,670.00","1,670.00",,-0.77%,False
2024-08-12,1655.0,"1,655.00","1,655.00","1,655.00",,-0.90%,False
2024-08-13,1670.0,"1,670.00","1,670.00","1,670.00",,0.91%,False
2024-08-14,1728.0,"1,728.00","1,728.00","1,728.00",,3.47%,False
2024-08-15,1692.0,"1,692.00","1,692.00","1,692.00",,-2.08%,False
2024-08-16,1691.0,"1,691.00","1,691.00","1,691.00",,-0.06%,False
2024-08-19,1708.0,"1,708.00","1,708.00","1,708.00",,1.01%,False
2024-08-20,1735.0,"1,735.00","1,735.00","1,735.00",,1.58%,False
2024-08-21,1759.0,"1,759.00","1,759.00","1,759.00",,1.38%,False
2024-08-22,1768.0,"1,768.00","1,768.00","1,768.00",,0.51%,False
2024-08-23,1762.0,"1,762.00","1,762.00","1,762.00",,-0.34%,False
2024-08-27,1721.0,"1,721.00","1,721.00","1,721.00",,-2.33%,False
2024-08-28,1755.0,"1,755.00","1,755.00","1,755.00",,1.98%,False
2024-08-29,1827.0,"1,827.00","1,827.00","1,827.00",,4.10%,False
2024-08-30,1814.0,"1,814.00","1,814.00","1,814.00",,-0.71%,False
2024-09-02,1919.0,"1,919.00","1,919.00","1,919.00",,5.79%,False
2024-09-03,1947.0,"1,947.00","1,947.00","1,947.00",,1.46%,False
2024-09-04,1902.0,"1,902.00","1,902.00","1,902.00",,-2.31%,False
2024-09-05,1919.0,"1,919.00","1,919.00","1,919.00",,0.89%,False
2024-09-06,1941.0,"1,941.00","1,941.00","1,941.00",,1.15%,False
2024-09-09,1958.0,"1,958.00","1,958.00","1,958.00",,0.88%,False
2024-09-10,1941.0,"1,941.00","1,941.00","1,941.00",,-0.87%,False
2024-09-11,1963.0,"1,963.00","1,963.00","1,963.00",,1.13%,False
2024-09-12,1927.0,"1,927.00","1,927.00","1,927.00",,-1.83%,False
2024-09-13,1890.0,"1,890.00","1,890.00","1,890.00",,-1.92%,False
2024-09-16,1896.0,"1,896.00","1,896.00","1,896.00",,0.32%,False
2024-09-17,1901.0,"1,901.00","1,901.00","1,901.00",,0.26%,False
2024-09-18,1890.0,"1,890.00","1,890.00","1,890.00",,-0.58%,False
2024-09-19,1976.0,"1,976.00","1,976.00","1,976.00",,4.55%,False
2024-09-20,1977.0,"1,977.00","1,977.00","1,977.00",,0.05%,False
2024-09-23,1999.0,"1,999.00","1,999.00","1,999.00",,1.11%,False
2024-09-24,2014.0,"2,014.00","2,014.00","2,014.00",,0.75%,False
2024-09-25,2016.0,"2,016.00","2,016.00","2,016.00",,0.10%,False
2024-09-26,2091.0,"2,091.00","2,091.00","2,091.00",,3.72%,False
2024-09-27,2110.0,"2,110.00","2,110.00","2,110.00",,0.91%,False
2024-09-30,2084.0,"2,084.00","2,084.00","2,084.00",,-1.23%,False
2024-10-01,2030.0,"2,030.00","2,030.00","2,030.00",,-2.59%,False
2024-10-02,1978.0,"1,978.00","1,978.00","1,978.00",,-2.56%,False
2024-10-03,1941.0,"1,941.00","1,941.00","1,941.00",,-1.87%,False
2024-10-04,1928.0,"1,928.00","1,928.00","1,928.00",,-0.67%,False
2024-10-07,1907.0,"1,907.00","1,907.00","1,907.00",,-1.09%,False
2024-10-08,1860.0,"1,860.00","1,860.00","1,860.00",,-2.46%,False
2024-10-09,1799.0,"1,799.00","1,799.00","1,799.00",,-3.28%,False
2024-10-10,1790.0,"1,790.00","1,790.00","1,790.00",,-0.50%,False
2024-10-11,1809.0,"1,809.00","1,809.00","1,809.00",,1.06%,False
2024-10-14,1814.0,"1,814.00","1,814.00","1,814.00",,0.28%,False
2024-10-15,1766.0,"1,766.00","1,766.00","1,766.00",,-2.65%,False
2024-10-16,1676.0,"1,676.00","1,676.00","1,676.00",,-5.10%,False
2024-10-17,1594.0,"1,594.00","1,594.00","1,594.00",,-4.89%,False
2024-10-18,1576.0,"1,576.00","1,576.00","1,576.00",,-1.13%,False
2024-10-21,1546.0,"1,546.00","1,546.00","1,546.00",,-1.90%,False
2024-10-22,1480.0,"1,480.00","1,480.00","1,480.00",,-4.27%,False
2024-10-23,1445.0,"1,445.00","1,445.00","1,445.00",,-2.36%,False
2024-10-24,1417.0,"1,417.00","1,417.00","1,417.00",,-1.94%,False
2024-10-25,1410.0,"1,410.00","1,410.00","1,410.00",,-0.49%,False
2024-10-28,1382.0,"1,382.00","1,382.00","1,382.00",,-1.99%,False
2024-10-29,1402.0,"1,402.00","1,402.00","1,402.00",,1.45%,False
2024-10-30,1395.0,"1,395.00","1,395.00","1,395.00",,-0.50%,False
2024-10-31,1388.0,"1,388.00","1,388.00","1,388.00",,-0.50%,False
2024-11-01,1378.0,"1,378.00","1,378.00","1,378.00",,-0.72%,False
2024-11-04,1374.0,"1,374.00","1,374.00","1,374.00",,-0.29%,False
2024-11-05,1405.0,"1,405.00","1,405.00","1,405.00",,2.26%,False
2024-11-06,1427.0,"1,427.00","1,427.00","1,427.00",,1.57%,False
2024-11-07,1451.0,"1,451.00","1,451.00","1,451.00",,1.68%,False
2024-11-08,1495.0,"1,495.00","1,495.00","1,495.00",,3.03%,False
2024-11-11,1558.0,"1,558.00","1,558.00","1,558.00",,4.21%,False
2024-11-12,1634.0,"1,634.00","1,634.00","1,634.00",,4.88%,False
2024-11-13,1630.0,"1,630.00","1,630.00","1,630.00",,-0.24%,False
2024-11-14,1692.0,"1,692.00","1,692.00","1,692.00",,3.80%,False
2024-11-15,1785.0,"1,785.00","1,785.00","1,785.00",,5.50%,False
2024-11-18,1756.0,"1,756.00","1,756.00","1,756.00",,-1.62%,False
2024-11-19,1627.0,"1,627.00","1,627.00","1,627.00",,-7.35%,False
2024-11-20,1616.0,"1,616.00","1,616.00","1,616.00",,-0.68%,False
2024-11-21,1576.0,"1,576.00","1,576.00","1,576.00",,-2.48%,False
2024-11-22,1537.0,"1,537.00","1,537.00","1,537.00",,-2.47%,False
2024-11-25,1529.0,"1,529.00","1,529.00","1,529.00",,-0.52%,False
2024-11-26,1581.0,"1,581.00","1,581.00","1,581.00",,3.40%,False
2024-11-27,1509.0,"1,509.00","1,509.00","1,509.00",,-4.55%,False
2024-11-28,1419.0,"1,419.00","1,419.00","1,419.00",,-5.96%,False
2024-11-29,1354.0,"1,354.00","1,354.00","1,354.00",,-4.58%,False
2024-12-02,1298.0,"1,298.00","1,298.00","1,298.00",,-4.14%,False
2024-12-03,1237.0,"1,237.00","1,237.00","1,237.00",,-4.70%,False
2024-12-04,1180.0,"1,180.00","1,180.00","1,180.00",,-4.61%,False
2024-12-05,1160.0,"1,160.00","1,160.00","1,160.00",,-1.69%,False
2024-12-06,1167.0,"1,167.00","1,167.00","1,167.00",,0.60%,False
2024-12-09,1168.0,"1,168.00","1,168.00","1,168.00",,0.09%,False
2024-12-10,1156.0,"1,156.00","1,156.00","1,156.00",,-1.03%,False
2024-12-11,1106.0,"1,106.00","1,106.00","1,106.00",,-4.33%,False
2024-12-12,1055.0,"1,055.00","1,055.00","1,055.00",,-4.61%,False
2024-12-13,1051.0,"1,051.00","1,051.00","1,051.00",,-0.38%,False
2024-12-16,1071.0,"1,071.00","1,071.00","1,071.00",,1.90%,False
2024-12-17,1053.0,"1,053.00","1,053.00","1,053.00",,-1.68%,False
2024-12-18,1028.0,"1,028.00","1,028.00","1,028.00",,-2.37%,False
2024-12-19,976.0,976.00,976.00,976.00,,-5.06%,False
2024-12-20,990.0,990.00,990.00,990.00,,1.43%,False
2024-12-23,994.0,994.00,994.00,994.00,,0.40%,False
2024-12-24,997.0,997.00,997.00,997.00,,0.30%,False
2025-01-02,1029.0,"1,029.00","1,029.00","1,029.00",,3.21%,False
2025-01-03,1072.0,"1,072.00","1,072.00","1,072.00",,4.18%,False
2025-01-06,1043.0,"1,043.00","1,043.00","1,043.00",,-2.71%,False
2025-01-07,1015.0,"1,015.00","1,015.00","1,015.00",,-2.68%,False
2025-01-08,966.0,966.00,966.00,966.00,,-4.83%,False
2025-01-09,969.0,969.00,969.00,969.00,,0.31%,False
2025-01-10,1048.0,"1,048.00","1,048.00","1,048.00",,8.15%,False
2025-01-13,1093.0,"1,093.00","1,093.00","1,093.00",,4.29%,False
2025-01-14,1080.0,"1,080.00","1,080.00","1,080.00",,-1.19%,False
2025-01-15,1063.0,"1,063.00","1,063.00","1,063.00",,-1.57%,False
2025-01-16,1023.0,"1,023.00","1,023.00","1,023.00",,-3.76%,False
2025-01-17,987.0,987.00,987.00,987.00,,-3.52%,False
2025-01-20,957.0,957.00,957.00,957.00,,-3.04%,False
2025-01-21,928.0,928.00,928.00,928.00,,-3.03%,False
2025-01-22,893.0,893.00,893.00,893.00,,-3.77%,False
2025-01-23,824.0,824.00,824.00,824.00,,-7.73%,False
2025-01-24,778.0,778.00,778.00,778.00,,-5.58%,False
2025-01-27,761.0,761.00,761.00,761.00,,-2.19%,False
2025-01-28,746.0,746.00,746.00,746.00,,-1.97%,False
2025-01-29,726.0,726.00,726.00,726.00,,-2.68%,False
2025-01-30,715.0,715.00,715.00,715.00,,-1.52%,False
2025-01-31,735.0,735.00,735.00,735.00,,2.80%,False
2025-02-03,738.0,738.00,738.00,738.00,,0.41%,False
2025-02-04,753.0,753.00,753.00,753.00,,2.03%,False
2025-02-05,771.0,771.00,771.00,771.00,,2.39%,False
2025-02-06,793.0,793.00,793.00,793.00,,2.85%,False
2025-02-07,815.0,815.00,815.00,815.00,,2.77%,False
2025-02-10,809.0,809.00,809.00,809.00,,-0.74%,False
2025-02-11,801.0,801.00,801.00,801.00,,-0.99%,False
2025-02-12,776.0,776.00,776.00,776.00,,-3.12%,False
2025-02-13,780.0,780.00,780.00,780.00,,0.52%,False
2025-02-14,792.0,792.00,792.00,792.00,,1.54%,False
2025-02-17,806.0,806.00,806.00,806.00,,1.77%,False
2025-02-18,841.0,841.00,841.00,841.00,,4.34%,False
2025-02-19,904.0,904.00,904.00,904.00,,7.49%,False
2025-02-20,941.0,941.00,941.00,941.00,,4.09%,False
2025-02-21,981.0,981.00,981.00,981.00,,4.25%,False
2025-02-24,1002.0,"1,002.00","1,002.00","1,002.00",,2.14%,False
2025-02-25,1039.0,"1,039.00","1,039.00","1,039.00",,3.69%,False
2025-02-26,1112.0,"1,112.00","1,112.00","1,112.00",,7.03%,False
2025-02-27,1159.0,"1,159.00","1,159.00","1,159.00",,4.23%,False
2025-02-28,1229.0,"1,229.00","1,229.00","1,229.00",,6.04%,False
2025-03-03,1276.0,"1,276.00","1,276.00","1,276.00",,3.82%,False
2025-03-04,1262.0,"1,262.00","1,262.00","1,262.00",,-1.10%,False
2025-03-05,1228.0,"1,228.00","1,228.00","1,228.00",,-2.69%,False
2025-03-06,1286.0,"1,286.00","1,286.00","1,286.00",,4.72%,False
2025-03-07,1400.0,"1,400.00","1,400.00","1,400.00",,8.86%,False
2025-03-10,1424.0,"1,424.00","1,424.00","1,424.00",,1.71%,False
2025-03-11,1436.0,"1,436.00","1,436.00","1,436.00",,0.84%,False
2025-03-12,1559.0,"1,559.00","1,559.00","1,559.00",,8.57%,False
2025-03-13,1650.0,"1,650.00","1,650.00","1,650.00",,5.84%,False
2025-03-14,1669.0,"1,669.00","1,669.00","1,669.00",,1.15%,False
2025-03-17,1658.0,"1,658.00","1,658.00","1,658.00",,-0.66%,False
2025-03-18,1650.0,"1,650.00","1,650.00","1,650.00",,-0.48%,False
2025-03-19,1637.0,"1,637.00","1,637.00","1,637.00",,-0.79%,False
2025-03-20,1635.0,"1,635.00","1,635.00","1,635.00",,-0.12%,False
2025-03-21,1643.0,"1,643.00","1,643.00","1,643.00",,0.49%,False
2025-03-24,1652.0,"1,652.00","1,652.00","1,652.00",,0.55%,False
2025-03-25,1642.0,"1,642.00","1,642.00","1,642.00",,-0.61%,False
2025-03-26,1634.0,"1,634.00","1,634.00","1,634.00",,-0.49%,False
2025-03-27,1621.0,"1,621.00","1,621.00","1,621.00",,-0.80%,False
2025-03-28,1602.0,"1,602.00","1,602.00","1,602.00",,-1.17%,False
2025-03-31,1598.0,"1,598.00","1,598.00","1,598.00",,-0.25%,False
2025-04-01,1587.0,"1,587.00","1,587.00","1,587.00",,-0.69%,False
2025-04-02,1583.0,"1,583.00","1,583.00","1,583.00",,-0.25%,False
2025-04-03,1540.0,"1,540.00","1,540.00","1,540.00",,-2.72%,False
2025-04-04,1489.0,"1,489.00","1,489.00","1,489.00",,-3.31%,False
2025-04-07,1401.0,"1,401.00","1,401.00","1,401.00",,-5.91%,False
2025-04-08,1342.0,"1,342.00","1,342.00","1,342.00",,-4.21%,False
2025-04-09,1259.0,"1,259.00","1,259.00","1,259.00",,-6.18%,False
2025-04-10,1269.0,"1,269.00","1,269.00","1,269.00",,0.79%,False
2025-04-11,1274.0,"1,274.00","1,274.00","1,274.00",,0.39%,False
2025-04-14,1282.0,"1,282.00","1,282.00","1,282.00",,0.63%,False
2025-04-15,1263.0,"1,263.00","1,263.00","1,263.00",,-1.48%,False
2025-04-16,1241.0,"1,241.00","1,241.00","1,241.00",,-1.74%,False
2025-04-17,1261.0,"1,261.00","1,261.00","1,261.00",,1.61%,False
2025-04-22,1261.0,"1,261.00","1,261.00","1,261.00",,0.00%,False
2025-04-23,1300.0,"1,300.00","1,300.00","1,300.00",,3.09%,False
2025-04-24,1353.0,"1,353.00","1,353.00","1,353.00",,4.08%,False
2025-04-25,1373.0,"1,373.00","1,373.00","1,373.00",,1.48%,False
2025-04-28,1403.0,"1,403.00","1,403.00","1,403.00",,2.18%,False
2025-04-29,1398.0,"1,398.00","1,398.00","1,398.00",,-0.36%,False
2025-04-30,1386.0,"1,386.00","1,386.00","1,386.00",,-0.86%,False
2025-05-01,1411.0,"1,411.00","1,411.00","1,411.00",,1.80%,False
2025-05-02,1421.0,"1,421.00","1,421.00","1,421.00",,0.71%,False
2025-05-06,1406.0,"1,406.00","1,406.00","1,406.00",,-1.06%,False
2025-05-07,1374.0,"1,374.00","1,374.00","1,374.00",,-2.28%,False
2025-05-08,1316.0,"1,316.00","1,316.00","1,316.00",,-4.22%,False
2025-05-09,1299.0,"1,299.00","1,299.00","1,299.00",,-1.29%,False
2025-05-12,1304.0,"1,304.00","1,304.00","1,304.00",,0.38%,False
2025-05-13,1280.0,"1,280.00","1,280.00","1,280.00",,-1.84%,False
2025-05-14,1267.0,"1,267.00","1,267.00","1,267.00",,-1.02%,False
2025-05-15,1305.0,"1,305.00","1,305.00","1,305.00",,3.00%,False
2025-05-16,1388.0,"1,388.00","1,388.00","1,388.00",,6.36%,False
2025-05-19,1347.0,"1,347.00","1,347.00","1,347.00",,-2.95%,False
2025-05-20,1340.0,"1,340.00","1,340.00","1,340.00",,-0.52%,False
2025-05-21,1337.0,"1,337.00","1,337.00","1,337.00",,-0.22%,False
2025-05-22,1341.0,"1,341.00","1,341.00","1,341.00",,0.30%,False
2025-05-23,1340.0,"1,340.00","1,340.00","1,340.00",,-0.07%,False
2025-05-27,1296.0,"1,296.00","1,296.00","1,296.00",,-3.28%,False
2025-05-28,1303.0,"1,303.00","1,303.00","1,303.00",,0.54%,False
2025-05-29,1353.0,"1,353.00","1,353.00","1,353.00",,3.84%,False
2025-05-30,1418.0,"1,418.00","1,418.00","1,418.00",,4.80%,False
2025-06-02,1422.0,"1,422.00","1,422.00","1,422.00",,0.28%,False
2025-06-03,1430.0,"1,430.00","1,430.00","1,430.00",,0.56%,False
2025-06-04,1489.0,"1,489.00","1,489.00","1,489.00",,4.13%,False
2025-06-05,1626.0,"1,626.00","1,626.00","1,626.00",,9.20%,True
2025-06-06,1633.0,"1,633.00","1,633.00","1,633.00",,0.43%,False
2025-06-09,1691.0,"1,691.00","1,691.00","1,691.00",,3.55%,False
2025-06-10,1680.0,"1,680.00","1,680.00","1,680.00",,-0.65%,False
2025-06-11,1738.0,"1,738.00","1,738.00","1,738.00",,3.45%,False
2025-06-12,1904.0,"1,904.00","1,904.00","1,904.00",,9.55%,False
2025-06-13,1968.0,"1,968.00","1,968.00","1,968.00",,3.36%,False
2025-06-16,1975.0,"1,975.00","1,975.00","1,975.00",,0.36%,False
2025-06-17,1952.0,"1,952.00","1,952.00","1,952.00",,-1.16%,False
2025-06-18,1874.0,"1,874.00","1,874.00","1,874.00",,-4.00%,False
2025-06-19,1751.0,"1,751.00","1,751.00","1,751.00",,-6.56%,False
2025-06-20,1689.0,"1,689.00","1,689.00","1,689.00",,-3.54%,False
2025-06-23,1674.0,"1,674.00","1,674.00","1,674.00",,-0.89%,False
2025-06-24,1681.0,"1,681.00","1,681.00","1,681.00",,0.42%,False
2025-06-25,1665.0,"1,665.00","1,665.00","1,665.00",,-0.95%,False
2025-06-26,1553.0,"1,553.00","1,553.00","1,553.00",,-6.73%,False
2025-06-27,1521.0,"1,521.00","1,521.00","1,521.00",,-2.06%,False
2025-06-30,1489.0,"1,489.00","1,489.00","1,489.00",,-2.10%,False
2025-07-01,1458.0,"1,458.00","1,458.00","1,458.00",,-2.08%,False
2025-07-02,1443.0,"1,443.00","1,443.00","1,443.00",,-1.03%,False
2025-07-03,1434.0,"1,434.00","1,434.00","1,434.00",,-0.62%,False
2025-07-04,1436.0,"1,436.00","1,436.00","1,436.00",,0.14%,False
2025-07-07,1436.0,"1,436.00","1,436.00","1,436.00",,0.00%,False
2025-07-08,1431.0,"1,431.00","1,431.00","1,431.00",,-0.35%,False
2025-07-09,1423.0,"1,423.00","1,423.00","1,423.00",,-0.56%,False
2025-07-10,1465.0,"1,465.00","1,465.00","1,465.00",,2.95%,False
2025-07-11,1663.0,"1,663.00","1,663.00","1,663.00",,13.52%,False
2025-07-14,1783.0,"1,783.00","1,783.00","1,783.00",,7.22%,False
2025-07-15,1866.0,"1,866.00","1,866.00","1,866.00",,4.66%,False
2025-07-16,1906.0,"1,906.00","1,906.00","1,906.00",,2.14%,False
2025-07-17,2030.0,"2,030.00","2,030.00","2,030.00",,6.51%,False
2025-07-18,2052.0,"2,052.00","2,052.00","2,052.00",,1.08%,False
2025-07-21,2016.0,"2,016.00","2,016.00","2,016.00",,-1.75%,False
2025-07-22,2035.0,"2,035.00","2,035.00","2,035.00",,0.94%,False
2025-07-23,2120.0,"2,120.00","2,120.00","2,120.00",,4.18%,False
2025-07-24,2258.0,"2,258.00","2,258.00","2,258.00",,6.51%,False
2025-07-25,2257.0,"2,257.00","2,257.00","2,257.00",,-0.04%,False
2025-07-28,2226.0,"2,226.00","2,226.00","2,226.00",,-1.37%,False
2025-07-29,2109.0,"2,109.00","2,109.00","2,109.00",,-5.26%,False
2025-07-30,1995.0,"1,995.00","1,995.00","1,995.00",,-5.41%,False
2025-07-31,2003.0,"2,003.00","2,003.00","2,003.00",,0.40%,False
2025-08-01,2018.0,"2,018.00","2,018.00","2,018.00",,0.75%,False
2025-08-04,1970.0,"1,970.00","1,970.00","1,970.00",,-2.38%,False
2025-08-05,1921.0,"1,921.00","1,921.00","1,921.00",,-2.49%,False
2025-08-06,1994.0,"1,994.00","1,994.00","1,994.00",,3.80%,False
2025-08-07,2008.0,"2,008.00","2,008.00","2,008.00",,0.70%,False
2025-08-08,2051.0,"2,051.00","2,051.00","2,051.00",,2.14%,False
2025-08-11,2038.0,"2,038.00","2,038.00","2,038.00",,-0.63%,False
2025-08-12,2017.0,"2,017.00","2,017.00","2,017.00",,-1.03%,False
2025-08-13,2025.0,"2,025.00","2,025.00","2,025.00",,0.40%,False
2025-08-14,2039.0,"2,039.00","2,039.00","2,039.00",,0.69%,False
2025-08-15,2044.0,"2,044.00","2,044.00","2,044.00",,0.25%,False
2025-08-18,2022.0,"2,022.00","2,022.00","2,022.00",,-1.08%,False
2025-08-19,1964.0,"1,964.00","1,964.00","1,964.00",,-2.87%,False
2025-08-20,1927.0,"1,927.00","1,927.00","1,927.00",,-1.88%,False
2025-08-21,1893.0,"1,893.00","1,893.00","1,893.00",,-1.76%,False
2025-08-22,1944.0,"1,944.00","1,944.00","1,944.00",,2.69%,False
2025-08-26,2041.0,"2,041.00","2,041.00","2,041.00",,4.99%,False
2025-08-27,2046.0,"2,046.00","2,046.00","2,046.00",,0.24%,False
2025-08-28,2017.0,"2,017.00","2,017.00","2,017.00",,-1.42%,False
2025-08-29,2025.0,"2,025.00","2,025.00","2,025.00",,0.40%,False
2025-09-01,2024.0,"2,024.00","2,024.00","2,024.00",,-0.05%,False
2025-09-02,1986.0,"1,986.00","1,986.00","1,986.00",,-1.88%,False
2025-09-03,1940.0,"1,940.00","1,940.00","1,940.00",,-2.32%,False
2025-09-04,1963.0,"1,963.00","1,963.00","1,963.00",,1.19%,False
2025-09-05,1979.0,"1,979.00","1,979.00","1,979.00",,0.82%,False
2025-09-08,2019.0,"2,019.00","2,019.00","2,019.00",,2.02%,False
2025-09-09,2079.0,"2,079.00","2,079.00","2,079.00",,2.97%,False
2025-09-10,2112.0,"2,112.00","2,112.00","2,112.00",,1.59%,False
2025-09-11,2111.0,"2,111.00","2,111.00","2,111.00",,-0.05%,False
2025-09-12,2126.0,"2,126.00","2,126.00","2,126.00",,0.71%,False
2025-09-15,2153.0,"2,153.00","2,153.00","2,153.00",,1.27%,False
2025-09-16,2154.0,"2,154.00","2,154.00","2,154.00",,0.05%,False
2025-09-17,2180.0,"2,180.00","2,180.00","2,180.00",,1.21%,False
2025-09-18,2205.0,"2,205.00","2,205.00","2,205.00",,1.15%,False
2025-09-19,2203.0,"2,203.00","2,203.00","2,203.00",,-0.09%,False
2025-09-22,2172.0,"2,172.00","2,172.00","2,172.00",,-1.41%,False
2025-09-23,2200.0,"2,200.00","2,200.00","2,200.00",,1.29%,False
2025-09-24,2240.0,"2,240.00","2,240.00","2,240.00",,1.82%,False
2025-09-25,2266.0,"2,266.00","2,266.00","2,266.00",,1.16%,False
2025-09-26,2259.0,"2,259.00","2,259.00","2,259.00",,-0.31%,False
2025-09-29,2220.0,"2,220.00","2,220.00","2,220.00",,-1.73%,False
2025-09-30,2134.0,"2,134.00","2,134.00","2,134.00",,-3.87%,False
2025-10-01,1980.0,"1,980.00","1,980.00","1,980.00",,-7.22%,False
2025-10-02,1909.0,"1,909.00","1,909.00","1,909.00",,-3.59%,False
2025-10-03,1901.0,"1,901.00","1,901.00","1,901.00",,-0.42%,False
2025-10-06,1932.0,"1,932.00","1,932.00","1,932.00",,1.63%,False
2025-10-07,1947.0,"1,947.00","1,947.00","1,947.00",,0.78%,False
2025-10-08,1963.0,"1,963.00","1,963.00","1,963.00",,0.82%,False
2025-10-09,1923.0,"1,923.00","1,923.00","1,923.00",,-2.04%,False
2025-10-10,1936.0,"1,936.00","1,936.00","1,936.00",,0.68%,False
2025-10-13,2144.0,"2,144.00","2,144.00","2,144.00",,10.74%,False
2025-10-14,2022.0,"2,022.00","2,022.00","2,022.00",,-5.69%,False
2025-10-15,1997.0,"1,997.00","1,997.00","1,997.00",,-1.24%,False
2025-10-16,2046.0,"2,046.00","2,046.00","2,046.00",,2.45%,False
2025-10-17,2069.0,"2,069.00","2,069.00","2,069.00",,1.12%,False
2025-10-20,2071.0,"2,069.00","2,071.00","2,069.00",,0.10%,False
2025-10-21,2094.0,"2,094.00","2,094.00","2,094.00",,1.11%,False
2025-10-23,2057.0,"2,057.00","2,057.00","2,057.00",,-1.77%,False
2025-10-24,1991.0,"1,991.00","1,991.00","1,991.00",,-3.21%,False
2025-10-27,1976.0,"1,976.00","1,976.00","1,976.00",,-0.75%,False
2025-10-28,1950.0,"1,950.00","1,950.00","1,950.00",,-1.32%,False
2025-10-29,1961.0,"1,961.00","1,961.00","1,961.00",,0.56%,False
2025-10-30,1983.0,"1,983.00","1,983.00","1,983.00",,1.12%,False
2025-10-31,1966.0,"1,966.00","1,966.00","1,966.00",,-0.86%,False
2025-11-03,1945.0,"1,945.00","1,945.00","1,945.00",,-1.07%,False
2025-11-04,1958.0,"1,958.00","1,958.00","1,958.00",,0.67%,False
2025-11-05,2003.0,"2,003.00","2,003.00","2,003.00",,2.30%,False
2025-11-06,2063.0,"2,063.00","2,063.00","2,063.00",,3.00%,False
2025-11-07,2104.0,"2,104.00","2,104.00","2,104.00",,1.99%,False
2025-11-10,2084.0,"2,084.00","2,084.00","2,084.00",,-0.95%,False
2025-11-11,2072.0,"2,072.00","2,072.00","2,072.00",,-0.58%,False
2025-11-12,2030.0,"2,030.00","2,030.00","2,030.00",,-2.03%,False
2025-11-13,2077.0,"2,077.00","2,077.00","2,077.00",,2.32%,False
2025-11-14,2125.0,"2,125.00","2,125.00","2,125.00",,2.31%,False
2025-11-17,2153.0,"2,153.00","2,153.00","2,153.00",,1.32%,False
2025-11-18,2216.0,"2,216.00","2,216.00","2,216.00",,2.93%,False
2025-11-19,2260.0,"2,260.00","2,260.00","2,260.00",,1.99%,False
2025-11-20,2270.0,"2,270.00","2,270.00","2,270.00",,0.44%,False
2025-11-21,2275.0,"2,275.00","2,275.00","2,275.00",,0.22%,False
2025-11-24,2295.0,"2,295.00","2,295.00","2,295.00",,0.88%,False
2025-11-25,2309.0,"2,309.00","2,309.00","2,309.00",,0.61%,False
2025-11-26,2401.0,"2,401.00","2,401.00","2,401.00",,3.98%,False
2025-11-27,2480.0,"2,480.00","2,480.00","2,480.00",,3.29%,False
2025-11-28,2560.0,"2,560.00","2,560.00","2,560.00",,3.23%,False
2025-12-01,2583.0,"2,583.00","2,583.00","2,583.00",,0.90%,False
2025-12-02,2600.0,"2,600.00","2,600.00","2,600.00",,0.66%,False
2025-12-03,2845.0,"2,845.00","2,845.00","2,845.00",,9.42%,False
2025-12-04,2814.0,"2,814.00","2,814.00","2,814.00",,-1.09%,False
2025-12-05,2727.0,"2,727.00","2,727.00","2,727.00",,-3.09%,False
2025-12-08,2694.0,"2,694.00","2,694.00","2,694.00",,-1.21%,False
2025-12-09,2557.0,"2,557.00","2,557.00","2,557.00",,-5.09%,False
2025-12-10,2430.0,"2,430.00","2,430.00","2,430.00",,-4.97%,False
2025-12-11,2294.0,"2,294.00","2,294.00","2,294.00",,-5.60%,False
2025-12-12,2205.0,"2,205.00","2,205.00","2,205.00",,-3.88%,False
2025-12-15,2193.0,"2,193.00","2,193.00","2,193.00",,-0.54%,False
2025-12-16,2204.0,"2,204.00","2,204.00","2,204.00",,0.50%,False
2025-12-17,2121.0,"2,121.00","2,121.00","2,121.00",,-3.77%,False
2025-12-18,2071.0,"2,071.00","2,071.00","2,071.00",,-2.36%,False
2025-12-19,2023.0,"2,023.00","2,023.00","2,023.00",,-2.32%,False
2025-12-22,1979.0,"1,979.00","1,979.00","1,979.00",,-2.17%,False
2025-12-23,1889.0,"1,889.00","1,889.00","1,889.00",,-4.55%,False
2025-12-24,1877.0,"1,877.00","1,877.00","1,877.00",,-0.64%,False
2026-01-02,1882.0,"1,882.00","1,882.00","1,882.00",,0.27%,False
2026-01-05,1851.0,"1,851.00","1,851.00","1,851.00",,-1.65%,False
2026-01-06,1830.0,"1,830.00","1,830.00","1,830.00",,-1.13%,False
2026-01-07,1776.0,"1,776.00","1,776.00","1,776.00",,-2.95%,False
2026-01-08,1718.0,"1,718.00","1,718.00","1,718.00",,-3.27%,False
2026-01-09,1688.0,"1,688.00","1,688.00","1,688.00",,-1.75%,False
2026-01-12,1659.0,"1,659.00","1,659.00","1,659.00",,-1.72%,False
2026-01-13,1608.0,"1,608.00","1,608.00","1,608.00",,-3.07%,False
2026-01-14,1566.0,"1,566.00","1,566.00","1,566.00",,-2.61%,False
2026-01-15,1532.0,"1,532.00","1,532.00","1,532.00",,-2.17%,False
2026-01-16,1567.0,"1,567.00","1,567.00","1,567.00",,2.28%,False
2026-01-19,1650.0,"1,650.00","1,650.00","1,650.00",,5.30%,False
2026-01-20,1729.0,"1,729.00","1,729.00","1,729.00",,4.79%,False
2026-01-21,1803.0,"1,803.00","1,803.00","1,803.00",,4.28%,False
2026-01-22,1761.0,"1,761.00","1,761.00","1,761.00",,-2.33%,False
2026-01-23,1762.0,"1,762.00","1,762.00","1,762.00",,0.06%,False
2026-01-26,1780.0,"1,780.00","1,780.00","1,780.00",,1.02%,False
2026-01-27,1999.0,"1,999.00","1,999.00","1,999.00",,12.30%,False
2026-01-28,2016.0,"2,016.00","2,016.00","2,016.00",,0.85%,False
2026-01-29,2002.0,"2,002.00","2,002.00","2,002.00",,-0.69%,False
2026-01-30,2148.0,"2,148.00","2,148.00","2,148.00",,7.29%,False
2026-02-02,2124.0,"2,124.00","2,124.00","2,124.00",,-1.12%,False
2026-02-03,2028.0,"2,028.00","2,028.00","2,028.00",,-4.52%,False
2026-02-04,1955.0,"1,955.00","1,955.00","1,955.00",,-3.60%,False
2026-02-05,1936.0,"1,936.00","1,936.00","1,936.00",,-0.97%,False
2026-02-06,1923.0,"1,923.00","1,923.00","1,923.00",,-0.67%,False
2026-02-09,1895.0,"1,895.00","1,895.00","1,895.00",,-1.46%,False
2026-02-10,1882.0,"1,882.00","1,882.00","1,882.00",,-0.69%,False
2026-02-11,1958.0,"1,958.00","1,958.00","1,958.00",,4.04%,False
2026-02-12,2095.0,"2,095.00","2,095.00","2,095.00",,7.00%,False
2026-02-13,2083.0,"2,083.00","2,083.00","2,083.00",,-0.57%,False
2026-02-16,2100.0,"2,100.00","2,100.00","2,100.00",,0.82%,False
2026-02-17,2095.0,"2,095.00","2,095.00","2,095.00",,-0.24%,False
2026-02-18,2063.0,"2,063.00","2,063.00","2,063.00",,-1.53%,False
2026-02-19,2019.0,"2,019.00","2,019.00","2,019.00",,-2.13%,False
2026-02-20,2043.0,"2,043.00","2,043.00","2,043.00",,1.19%,False
2026-02-23,2112.0,"2,112.00","2,112.00","2,112.00",,3.38%,False
2026-02-24,2129.0,"2,129.00","2,129.00","2,129.00",,0.80%,False
2026-02-25,2121.0,"2,121.00","2,121.00","2,121.00",,-0.38%,False
2026-02-26,2117.0,"2,117.00","2,117.00","2,117.00",,-0.19%,False
2026-02-27,2140.0,"2,140.00","2,140.00","2,140.00",,1.09%,False
2026-03-02,2187.0,"2,187.00","2,187.00","2,187.00",,2.20%,False
2026-03-03,2242.0,"2,242.00","2,242.00","2,242.00",,2.51%,False
2026-03-04,2233.0,"2,233.00","2,233.00","2,233.00",,-0.40%,False
2026-03-05,2138.0,"2,138.00","2,138.00","2,138.00",,-4.25%,False
2026-03-06,2010.0,"2,010.00","2,010.00","2,010.00",,-5.99%,False
2026-03-09,2066.0,"2,066.00","2,066.00","2,066.00",,2.79%,False
2026-03-10,1919.0,"1,919.00","1,919.00","1,919.00",,-7.12%,False
2026-03-11,1926.0,"1,926.00","1,926.00","1,926.00",,0.36%,False
2026-03-12,1972.0,"1,972.00","1,972.00","1,972.00",,2.39%,False
